Admiration for Heroism273,CWM_-_CopyFinal_copy-241.,nothing,h2,_idIndexMarker448,CWM_-_CopyFinal_copy-241/#p1
"Admiration, Selfless73, 78",CWM_-_CopyFinal_copy-72.,nothing,h2,_idIndexMarker112,CWM_-_CopyFinal_copy-72/#p1
"Admiration, Selfless73, 78",CWM_-_CopyFinal_copy-76.,nothing,p,_idIndexMarker125,CWM_-_CopyFinal_copy-76/#p1
"Adverse forces39, 176, 343, 530, 554, 555, 561",CWM_-_CopyFinal_copy-50.,nothing,h2,_idIndexMarker043,CWM_-_CopyFinal_copy-50/#p1
"Adverse forces39, 176, 343, 530, 554, 555, 561",CWM_-_CopyFinal_copy-158.,nothing,p,_idIndexMarker294,CWM_-_CopyFinal_copy-158/#p5
"Adverse forces39, 176, 343, 530, 554, 555, 561",CWM_-_CopyFinal_copy-299.,nothing,p,_idIndexMarker539,CWM_-_CopyFinal_copy-299/#p1
"Adverse forces39, 176, 343, 530, 554, 555, 561",CWM_-_CopyFinal_copy-551.,nothing,h2,_idIndexMarker749,CWM_-_CopyFinal_copy-551/#p1
"Adverse forces39, 176, 343, 530, 554, 555, 561",CWM_-_CopyFinal_copy-601.,nothing,p,_idIndexMarker774,CWM_-_CopyFinal_copy-601/#p1
"Adverse forces39, 176, 343, 530, 554, 555, 561",CWM_-_CopyFinal_copy-602.,nothing,p,_idIndexMarker775,CWM_-_CopyFinal_copy-602/#p1
"Adverse forces39, 176, 343, 530, 554, 555, 561",CWM_-_CopyFinal_copy-606.,nothing,p,_idIndexMarker782,CWM_-_CopyFinal_copy-606/#p3
Adversities136,CWM_-_CopyFinal_copy-133.,nothing,h2,_idIndexMarker233,CWM_-_CopyFinal_copy-133/#p1
After Death184,CWM_-_CopyFinal_copy-165.,nothing,h2,_idIndexMarker309,CWM_-_CopyFinal_copy-165/#p1
Agni67,CWM_-_CopyFinal_copy-68.,nothing,p,_idIndexMarker098,CWM_-_CopyFinal_copy-68/#p4
"Agni, threefold149",CWM_-_CopyFinal_copy-142.,nothing,p,_idIndexMarker260,CWM_-_CopyFinal_copy-142/#p30
Aim of Life503,CWM_-_CopyFinal_copy-465.,nothing,h2,_idIndexMarker708,CWM_-_CopyFinal_copy-465/#p1
Alcohol217,CWM_-_CopyFinal_copy-188.,nothing,h2,_idIndexMarker350,CWM_-_CopyFinal_copy-188/#p1
Aṇimā147,CWM_-_CopyFinal_copy-142.,nothing,p,_idIndexMarker256,CWM_-_CopyFinal_copy-142/#p41
Art and Yoga57,CWM_-_CopyFinal_copy-60.,nothing,h2,_idIndexMarker076,CWM_-_CopyFinal_copy-60/#p1
Artists58,CWM_-_CopyFinal_copy-61.,nothing,h2,_idIndexMarker077,CWM_-_CopyFinal_copy-61/#p1
Asana325,CWM_-_CopyFinal_copy-291.,nothing,p,_idIndexMarker518,CWM_-_CopyFinal_copy-291/#p5
Ascetic Methods244,CWM_-_CopyFinal_copy-217.,nothing,h2,_idIndexMarker402,CWM_-_CopyFinal_copy-217/#p1
Ascetic Practice217,CWM_-_CopyFinal_copy-187.,nothing,h2,_idIndexMarker347,CWM_-_CopyFinal_copy-187/#p1
"Ashram466, 493",CWM_-_CopyFinal_copy-391.,nothing,p,_idIndexMarker667,CWM_-_CopyFinal_copy-391/#p3
"Ashram466, 493",CWM_-_CopyFinal_copy-445.,nothing,p,_idIndexMarker698,CWM_-_CopyFinal_copy-445/#p3
"Ashram, attack on490",CWM_-_CopyFinal_copy-435.,nothing,h2,_idIndexMarker691,CWM_-_CopyFinal_copy-435/#p1
Ashram food226,CWM_-_CopyFinal_copy-197.,nothing,p,_idIndexMarker368,CWM_-_CopyFinal_copy-197/#p2
"Aspiration134, 281, 509",CWM_-_CopyFinal_copy-130.,nothing,h2,_idIndexMarker227,CWM_-_CopyFinal_copy-130/#p1
"Aspiration134, 281, 509",CWM_-_CopyFinal_copy-247.,nothing,h2,_idIndexMarker458,CWM_-_CopyFinal_copy-247/#p1
"Aspiration134, 281, 509",CWM_-_CopyFinal_copy-483.,nothing,h2,_idIndexMarker714,CWM_-_CopyFinal_copy-483/#p1
"Aspiration, in body326",CWM_-_CopyFinal_copy-292.,nothing,h2,_idIndexMarker519,CWM_-_CopyFinal_copy-292/#p1
"Aspiration, Realisation of270",CWM_-_CopyFinal_copy-237.,nothing,h2,_idIndexMarker441,CWM_-_CopyFinal_copy-237/#p1
Attachment527,CWM_-_CopyFinal_copy-541.,nothing,h2,_idIndexMarker745,CWM_-_CopyFinal_copy-541/#p1
"Attack, hostile39",CWM_-_CopyFinal_copy-50.,nothing,p,_idIndexMarker046,CWM_-_CopyFinal_copy-50/#p2
Attack on Mother’s Body572,CWM_-_CopyFinal_copy-612.,nothing,h2,_idIndexMarker789,CWM_-_CopyFinal_copy-612/#p1
Attention352,CWM_-_CopyFinal_copy-306.,nothing,p,_idIndexMarker553,CWM_-_CopyFinal_copy-306/#p2
Attitude Behind287,CWM_-_CopyFinal_copy-258.,nothing,p,_idIndexMarker474,CWM_-_CopyFinal_copy-258/#p1
Attitude to Things221,CWM_-_CopyFinal_copy-192.,nothing,h2,_idIndexMarker358,CWM_-_CopyFinal_copy-192/#p1
Auroville496,CWM_-_CopyFinal_copy-450.,nothing,p,_idIndexMarker702,CWM_-_CopyFinal_copy-450/#p1
Avaricious62,CWM_-_CopyFinal_copy-65.,nothing,h2,_idIndexMarker087,CWM_-_CopyFinal_copy-65/#p1
Avatars586,CWM_-_CopyFinal_copy-632.,nothing,h2,_idIndexMarker808,CWM_-_CopyFinal_copy-632/#p1
"Avatars, origin345",CWM_-_CopyFinal_copy-303.,nothing,h2,_idIndexMarker546,CWM_-_CopyFinal_copy-303/#p1
Bad Thought Is Bad Act161,CWM_-_CopyFinal_copy-152.,nothing,h2,_idIndexMarker282,CWM_-_CopyFinal_copy-152/#p1
Balanced Growth218,CWM_-_CopyFinal_copy-189.,nothing,h2,_idIndexMarker351,CWM_-_CopyFinal_copy-189/#p1
"Beethoven, reincarnation of186",CWM_-_CopyFinal_copy-165.,nothing,p,_idIndexMarker311,CWM_-_CopyFinal_copy-165/#p3
Beings everywhere256,CWM_-_CopyFinal_copy-228.,nothing,p,_idIndexMarker425,CWM_-_CopyFinal_copy-228/#p3
Being (source of avatars)346,CWM_-_CopyFinal_copy-303.,nothing,p,_idIndexMarker547,CWM_-_CopyFinal_copy-303/#p2
Bhagavat367,CWM_-_CopyFinal_copy-323.,nothing,p,_idIndexMarker582,CWM_-_CopyFinal_copy-323/#p6
Black magic170,CWM_-_CopyFinal_copy-156.,nothing,p,_idIndexMarker290,CWM_-_CopyFinal_copy-156/#p19
Black spider230,CWM_-_CopyFinal_copy-202.,nothing,p,_idIndexMarker377,CWM_-_CopyFinal_copy-202/#p1
"Body consciousness145, 191, 547",CWM_-_CopyFinal_copy-142.,nothing,p,_idIndexMarker248,CWM_-_CopyFinal_copy-142/#p5
"Body consciousness145, 191, 547",CWM_-_CopyFinal_copy-169.,nothing,p,_idIndexMarker317,CWM_-_CopyFinal_copy-169/#p2
"Body consciousness145, 191, 547",CWM_-_CopyFinal_copy-598.,nothing,p,_idIndexMarker768,CWM_-_CopyFinal_copy-598/#p3
Body instinct192,CWM_-_CopyFinal_copy-169.,nothing,p,_idIndexMarker318,CWM_-_CopyFinal_copy-169/#p3
Body-mind433,CWM_-_CopyFinal_copy-377.,nothing,p,_idIndexMarker642,CWM_-_CopyFinal_copy-377/#p7
Bourgeois Ideal316,CWM_-_CopyFinal_copy-284.,nothing,h2,_idIndexMarker507,CWM_-_CopyFinal_copy-284/#p1
Brindavan367,CWM_-_CopyFinal_copy-323.,nothing,h2,_idIndexMarker580,CWM_-_CopyFinal_copy-323/#p1
Buddha53,CWM_-_CopyFinal_copy-57.,nothing,p,_idIndexMarker069,CWM_-_CopyFinal_copy-57/#p1
Cat251,CWM_-_CopyFinal_copy-222.,nothing,p,_idIndexMarker410,CWM_-_CopyFinal_copy-222/#p5
Censors343,CWM_-_CopyFinal_copy-299.,nothing,h2,_idIndexMarker538,CWM_-_CopyFinal_copy-299/#p1
Central psychic will63,CWM_-_CopyFinal_copy-66.,nothing,p,_idIndexMarker092,CWM_-_CopyFinal_copy-66/#p1
Central thought17,CWM_-_CopyFinal_copy-25.,nothing,p,_idIndexMarker008,CWM_-_CopyFinal_copy-25/#p13
Centres of concentration32,CWM_-_CopyFinal_copy-41.,nothing,p,_idIndexMarker029,CWM_-_CopyFinal_copy-41/#p8
Chance545,CWM_-_CopyFinal_copy-597.,nothing,p,_idIndexMarker765,CWM_-_CopyFinal_copy-597/#p21
Chit-Tapas106,CWM_-_CopyFinal_copy-101.,nothing,p,_idIndexMarker174,CWM_-_CopyFinal_copy-101/#p12
Choice and Preference313,CWM_-_CopyFinal_copy-281.,nothing,h2,_idIndexMarker502,CWM_-_CopyFinal_copy-281/#p1
Choosing wrong ideas81,CWM_-_CopyFinal_copy-79.,nothing,p,_idIndexMarker131,CWM_-_CopyFinal_copy-79/#p1
Christianity53,CWM_-_CopyFinal_copy-57.,nothing,p,_idIndexMarker068,CWM_-_CopyFinal_copy-57/#p1
Church atmosphere231,CWM_-_CopyFinal_copy-202.,nothing,p,_idIndexMarker379,CWM_-_CopyFinal_copy-202/#p1
Clairvoyants385,CWM_-_CopyFinal_copy-336.,nothing,p,_idIndexMarker602,CWM_-_CopyFinal_copy-336/#p2
Coercion453,CWM_-_CopyFinal_copy-385.,nothing,p,_idIndexMarker654,CWM_-_CopyFinal_copy-385/#p13
Collective suggestions310,CWM_-_CopyFinal_copy-280.,nothing,p,_idIndexMarker501,CWM_-_CopyFinal_copy-280/#p5
Commercial Mentality280,CWM_-_CopyFinal_copy-246.,nothing,h2,_idIndexMarker457,CWM_-_CopyFinal_copy-246/#p1
Compulsion471,CWM_-_CopyFinal_copy-412.,nothing,p,_idIndexMarker677,CWM_-_CopyFinal_copy-412/#p1
Concentration352,CWM_-_CopyFinal_copy-306.,nothing,p,_idIndexMarker552,CWM_-_CopyFinal_copy-306/#p1
"Confidence, Role of120",CWM_-_CopyFinal_copy-117.,nothing,h2,_idIndexMarker201,CWM_-_CopyFinal_copy-117/#p1
Conscious hands302,CWM_-_CopyFinal_copy-274.,nothing,p,_idIndexMarker489,CWM_-_CopyFinal_copy-274/#p1
Consciousness and Instruments91,CWM_-_CopyFinal_copy-90.,nothing,h2,_idIndexMarker148,CWM_-_CopyFinal_copy-90/#p1
"Consciousness, Divine77",CWM_-_CopyFinal_copy-75.,nothing,h2,_idIndexMarker119,CWM_-_CopyFinal_copy-75/#p1
"Consciousness, Inner Reversal of261",CWM_-_CopyFinal_copy-231.,nothing,h2,_idIndexMarker430,CWM_-_CopyFinal_copy-231/#p1
Consciousness of Body190,CWM_-_CopyFinal_copy-169.,nothing,h2,_idIndexMarker316,CWM_-_CopyFinal_copy-169/#p1
"Consciousness, ordinary77",CWM_-_CopyFinal_copy-75.,nothing,p,_idIndexMarker121,CWM_-_CopyFinal_copy-75/#p1
Consecration62,CWM_-_CopyFinal_copy-66.,nothing,h2,_idIndexMarker090,CWM_-_CopyFinal_copy-66/#p1
"Coué, Monsieur72",CWM_-_CopyFinal_copy-71.,nothing,p,_idIndexMarker110,CWM_-_CopyFinal_copy-71/#p1
Coughing537,CWM_-_CopyFinal_copy-577.,nothing,h2,_idIndexMarker758,CWM_-_CopyFinal_copy-577/#p1
"Courage252, 517",CWM_-_CopyFinal_copy-222.,nothing,p,_idIndexMarker411,CWM_-_CopyFinal_copy-222/#p8
"Courage252, 517",CWM_-_CopyFinal_copy-514.,nothing,h2,_idIndexMarker730,CWM_-_CopyFinal_copy-514/#p1
"Courage, Various kinds250",CWM_-_CopyFinal_copy-222.,nothing,h2,_idIndexMarker409,CWM_-_CopyFinal_copy-222/#p1
Coward249,CWM_-_CopyFinal_copy-221.,nothing,p,_idIndexMarker407,CWM_-_CopyFinal_copy-221/#p1
Craving25,CWM_-_CopyFinal_copy-32.,nothing,p,_idIndexMarker017,CWM_-_CopyFinal_copy-32/#p1
Creation of Universe269,CWM_-_CopyFinal_copy-236.,nothing,h2,_idIndexMarker438,CWM_-_CopyFinal_copy-236/#p1
"Creation, story of329",CWM_-_CopyFinal_copy-294.,nothing,h2,_idIndexMarker524,CWM_-_CopyFinal_copy-294/#p1
"Creation, why of432",CWM_-_CopyFinal_copy-376.,nothing,p,_idIndexMarker639,CWM_-_CopyFinal_copy-376/#p1
"Cruelty363, 384",CWM_-_CopyFinal_copy-319.,nothing,h2,_idIndexMarker572,CWM_-_CopyFinal_copy-319/#p1
"Cruelty363, 384",CWM_-_CopyFinal_copy-335.,nothing,p,_idIndexMarker601,CWM_-_CopyFinal_copy-335/#p1
Dance59,CWM_-_CopyFinal_copy-62.,nothing,h2,_idIndexMarker078,CWM_-_CopyFinal_copy-62/#p1
"Death, Consent to159",CWM_-_CopyFinal_copy-150.,nothing,h2,_idIndexMarker279,CWM_-_CopyFinal_copy-150/#p1
Deceptions of Mind79,CWM_-_CopyFinal_copy-77.,nothing,h2,_idIndexMarker128,CWM_-_CopyFinal_copy-77/#p1
Defect26,CWM_-_CopyFinal_copy-33.,nothing,p,_idIndexMarker019,CWM_-_CopyFinal_copy-33/#p1
Departed209,CWM_-_CopyFinal_copy-183.,nothing,p,_idIndexMarker340,CWM_-_CopyFinal_copy-183/#p1
"Depend, on the Divine140",CWM_-_CopyFinal_copy-137.,nothing,h2,_idIndexMarker238,CWM_-_CopyFinal_copy-137/#p1
"Depression57, 68",CWM_-_CopyFinal_copy-59.,nothing,p,_idIndexMarker074,CWM_-_CopyFinal_copy-59/#p1
"Depression57, 68",CWM_-_CopyFinal_copy-68.,nothing,p,_idIndexMarker099,CWM_-_CopyFinal_copy-68/#p5
"Desire11, 61, 95",CWM_-_CopyFinal_copy-18.,nothing,p,_idIndexMarker002,CWM_-_CopyFinal_copy-18/#p1
"Desire11, 61, 95",CWM_-_CopyFinal_copy-64.,nothing,h2,_idIndexMarker081,CWM_-_CopyFinal_copy-64/#p1
"Desire11, 61, 95",CWM_-_CopyFinal_copy-92.,nothing,p,_idIndexMarker154,CWM_-_CopyFinal_copy-92/#p10
"Desire, Overcoming182",CWM_-_CopyFinal_copy-163.,nothing,h2,_idIndexMarker303,CWM_-_CopyFinal_copy-163/#p1
Desires253,CWM_-_CopyFinal_copy-224.,nothing,h2,_idIndexMarker417,CWM_-_CopyFinal_copy-224/#p1
"Desires, material525",CWM_-_CopyFinal_copy-531.,nothing,h2,_idIndexMarker743,CWM_-_CopyFinal_copy-531/#p1
Despair365,CWM_-_CopyFinal_copy-321.,nothing,h2,_idIndexMarker578,CWM_-_CopyFinal_copy-321/#p1
"Determinism105, 207, 328, 332, 542, 545",CWM_-_CopyFinal_copy-101.,nothing,h2,_idIndexMarker169,CWM_-_CopyFinal_copy-101/#p1
"Determinism105, 207, 328, 332, 542, 545",CWM_-_CopyFinal_copy-182.,nothing,p,_idIndexMarker338,CWM_-_CopyFinal_copy-182/#p3
"Determinism105, 207, 328, 332, 542, 545",CWM_-_CopyFinal_copy-293.,nothing,p,_idIndexMarker522,CWM_-_CopyFinal_copy-293/#p1
"Determinism105, 207, 328, 332, 542, 545",CWM_-_CopyFinal_copy-296.,nothing,h2,_idIndexMarker532,CWM_-_CopyFinal_copy-296/#p1
"Determinism105, 207, 328, 332, 542, 545",CWM_-_CopyFinal_copy-597.,nothing,p,_idIndexMarker764,CWM_-_CopyFinal_copy-597/#p7
"Determinism105, 207, 328, 332, 542, 545",CWM_-_CopyFinal_copy-597.,nothing,p,_idIndexMarker766,CWM_-_CopyFinal_copy-597/#p21
Different States of Being279,CWM_-_CopyFinal_copy-245.,nothing,p,_idIndexMarker456,CWM_-_CopyFinal_copy-245/#p6
"Difficulties136, 262, 434, 522, 587",CWM_-_CopyFinal_copy-133.,nothing,h2,_idIndexMarker232,CWM_-_CopyFinal_copy-133/#p1
"Difficulties136, 262, 434, 522, 587",CWM_-_CopyFinal_copy-232.,nothing,h2,_idIndexMarker431,CWM_-_CopyFinal_copy-232/#p1
"Difficulties136, 262, 434, 522, 587",CWM_-_CopyFinal_copy-378.,nothing,p,_idIndexMarker643,CWM_-_CopyFinal_copy-378/#p1
"Difficulties136, 262, 434, 522, 587",CWM_-_CopyFinal_copy-527.,nothing,h2,_idIndexMarker739,CWM_-_CopyFinal_copy-527/#p1
"Difficulties136, 262, 434, 522, 587",CWM_-_CopyFinal_copy-638.,nothing,h2,_idIndexMarker813,CWM_-_CopyFinal_copy-638/#p1
"Discipline304, 471, 493",CWM_-_CopyFinal_copy-277.,nothing,h2,_idIndexMarker494,CWM_-_CopyFinal_copy-277/#p1
"Discipline304, 471, 493",CWM_-_CopyFinal_copy-410.,nothing,p,_idIndexMarker676,CWM_-_CopyFinal_copy-410/#p1
"Discipline304, 471, 493",CWM_-_CopyFinal_copy-443.,nothing,p,_idIndexMarker694,CWM_-_CopyFinal_copy-443/#p1
Distortions126,CWM_-_CopyFinal_copy-123.,nothing,h2,_idIndexMarker215,CWM_-_CopyFinal_copy-123/#p1
Distrust359,CWM_-_CopyFinal_copy-314.,nothing,p,_idIndexMarker564,CWM_-_CopyFinal_copy-314/#p1
Diversity and Unity130,CWM_-_CopyFinal_copy-125.,nothing,h2,_idIndexMarker219,CWM_-_CopyFinal_copy-125/#p1
"Divine285, 505",CWM_-_CopyFinal_copy-255.,nothing,h2,_idIndexMarker470,CWM_-_CopyFinal_copy-255/#p1
"Divine285, 505",CWM_-_CopyFinal_copy-467.,nothing,p,_idIndexMarker710,CWM_-_CopyFinal_copy-467/#p1
Divine Gives Himself271,CWM_-_CopyFinal_copy-239.,nothing,h2,_idIndexMarker446,CWM_-_CopyFinal_copy-239/#p1
"Divine Grace53, 193, 234, 295, 402, 510, 586, 590",CWM_-_CopyFinal_copy-56.,nothing,p,_idIndexMarker066,CWM_-_CopyFinal_copy-56/#p8
"Divine Grace53, 193, 234, 295, 402, 510, 586, 590",CWM_-_CopyFinal_copy-171.,nothing,p,_idIndexMarker324,CWM_-_CopyFinal_copy-171/#p1
"Divine Grace53, 193, 234, 295, 402, 510, 586, 590",CWM_-_CopyFinal_copy-205.,nothing,h2,_idIndexMarker386,CWM_-_CopyFinal_copy-205/#p1
"Divine Grace53, 193, 234, 295, 402, 510, 586, 590",CWM_-_CopyFinal_copy-267.,nothing,h2,_idIndexMarker482,CWM_-_CopyFinal_copy-267/#p1
"Divine Grace53, 193, 234, 295, 402, 510, 586, 590",CWM_-_CopyFinal_copy-352.,nothing,p,_idIndexMarker619,CWM_-_CopyFinal_copy-352/#p5
"Divine Grace53, 193, 234, 295, 402, 510, 586, 590",CWM_-_CopyFinal_copy-485.,nothing,h2,_idIndexMarker716,CWM_-_CopyFinal_copy-485/#p1
"Divine Grace53, 193, 234, 295, 402, 510, 586, 590",CWM_-_CopyFinal_copy-634.,nothing,p,_idIndexMarker809,CWM_-_CopyFinal_copy-634/#p1
"Divine Grace53, 193, 234, 295, 402, 510, 586, 590",CWM_-_CopyFinal_copy-643.,nothing,h2,_idIndexMarker815,CWM_-_CopyFinal_copy-643/#p1
Divine in Form154,CWM_-_CopyFinal_copy-145.,nothing,h2,_idIndexMarker273,CWM_-_CopyFinal_copy-145/#p1
"Divine Love52, 374, 514, 516",CWM_-_CopyFinal_copy-56.,nothing,p,_idIndexMarker064,CWM_-_CopyFinal_copy-56/#p7
"Divine Love52, 374, 514, 516",CWM_-_CopyFinal_copy-329.,nothing,p,_idIndexMarker592,CWM_-_CopyFinal_copy-329/#p16
"Divine Love52, 374, 514, 516",CWM_-_CopyFinal_copy-497.,nothing,p,_idIndexMarker721,CWM_-_CopyFinal_copy-497/#p1
"Divine Love52, 374, 514, 516",CWM_-_CopyFinal_copy-505.,nothing,h2,_idIndexMarker723,CWM_-_CopyFinal_copy-505/#p1
"Divine Love, Descent into Matter122",CWM_-_CopyFinal_copy-119.,nothing,h2,_idIndexMarker204,CWM_-_CopyFinal_copy-119/#p1
Divine protection589,CWM_-_CopyFinal_copy-639.,nothing,p,_idIndexMarker814,CWM_-_CopyFinal_copy-639/#p3
Divine spark181,CWM_-_CopyFinal_copy-161.,nothing,p,_idIndexMarker301,CWM_-_CopyFinal_copy-161/#p1
Divine’s Ways of Acting237,CWM_-_CopyFinal_copy-209.,nothing,h2,_idIndexMarker392,CWM_-_CopyFinal_copy-209/#p1
Divine Will364,CWM_-_CopyFinal_copy-320.,nothing,h2,_idIndexMarker575,CWM_-_CopyFinal_copy-320/#p1
Divine work225,CWM_-_CopyFinal_copy-196.,nothing,p,_idIndexMarker364,CWM_-_CopyFinal_copy-196/#p5
Domain of Death209,CWM_-_CopyFinal_copy-183.,nothing,h2,_idIndexMarker339,CWM_-_CopyFinal_copy-183/#p1
Doubt363,CWM_-_CopyFinal_copy-318.,nothing,p,_idIndexMarker571,CWM_-_CopyFinal_copy-318/#p3
Dreams142,CWM_-_CopyFinal_copy-139.,nothing,h2,_idIndexMarker242,CWM_-_CopyFinal_copy-139/#p1
Drugs409,CWM_-_CopyFinal_copy-360.,nothing,p,_idIndexMarker627,CWM_-_CopyFinal_copy-360/#p1
Earthly Life334,CWM_-_CopyFinal_copy-297.,nothing,h2,_idIndexMarker535,CWM_-_CopyFinal_copy-297/#p1
"Earthly paradise378, 556",CWM_-_CopyFinal_copy-332.,nothing,p,_idIndexMarker599,CWM_-_CopyFinal_copy-332/#p2
"Earthly paradise378, 556",CWM_-_CopyFinal_copy-603.,nothing,p,_idIndexMarker776,CWM_-_CopyFinal_copy-603/#p1
Earth’s Memory189,CWM_-_CopyFinal_copy-168.,nothing,h2,_idIndexMarker315,CWM_-_CopyFinal_copy-168/#p1
"Earth, special place188",CWM_-_CopyFinal_copy-167.,nothing,h2,_idIndexMarker314,CWM_-_CopyFinal_copy-167/#p1
"Earth, Special Place of123",CWM_-_CopyFinal_copy-120.,nothing,h2,_idIndexMarker207,CWM_-_CopyFinal_copy-120/#p1
"Earth, symbolic creation256",CWM_-_CopyFinal_copy-227.,nothing,p,_idIndexMarker423,CWM_-_CopyFinal_copy-227/#p1
Eating meat229,CWM_-_CopyFinal_copy-201.,nothing,h2,_idIndexMarker375,CWM_-_CopyFinal_copy-201/#p1
Education442,CWM_-_CopyFinal_copy-382.,nothing,p,_idIndexMarker651,CWM_-_CopyFinal_copy-382/#p1
"Education, Mental454",CWM_-_CopyFinal_copy-386.,nothing,h2,_idIndexMarker656,CWM_-_CopyFinal_copy-386/#p1
"Education, national471",CWM_-_CopyFinal_copy-409.,nothing,h2,_idIndexMarker675,CWM_-_CopyFinal_copy-409/#p1
"Education, Physical444",CWM_-_CopyFinal_copy-384.,nothing,h2,_idIndexMarker652,CWM_-_CopyFinal_copy-384/#p1
"Education, Psychic456",CWM_-_CopyFinal_copy-387.,nothing,h2,_idIndexMarker658,CWM_-_CopyFinal_copy-387/#p1
"Education, Spiritual461",CWM_-_CopyFinal_copy-388.,nothing,h2,_idIndexMarker659,CWM_-_CopyFinal_copy-388/#p1
"Education, supramental463",CWM_-_CopyFinal_copy-388.,nothing,p,_idIndexMarker662,CWM_-_CopyFinal_copy-388/#p7
"Education, Vital449",CWM_-_CopyFinal_copy-385.,nothing,h2,_idIndexMarker653,CWM_-_CopyFinal_copy-385/#p1
Effort87,CWM_-_CopyFinal_copy-87.,nothing,h2,_idIndexMarker143,CWM_-_CopyFinal_copy-87/#p1
"Ego493, 525",CWM_-_CopyFinal_copy-445.,nothing,h2,_idIndexMarker696,CWM_-_CopyFinal_copy-445/#p1
"Ego493, 525",CWM_-_CopyFinal_copy-532.,nothing,h2,_idIndexMarker744,CWM_-_CopyFinal_copy-532/#p1
"Ego, overcoming the493",CWM_-_CopyFinal_copy-445.,nothing,p,_idIndexMarker697,CWM_-_CopyFinal_copy-445/#p2
"Ego, Sattwic131",CWM_-_CopyFinal_copy-127.,nothing,h2,_idIndexMarker224,CWM_-_CopyFinal_copy-127/#p1
"Egypt, ancient117",CWM_-_CopyFinal_copy-113.,nothing,p,_idIndexMarker193,CWM_-_CopyFinal_copy-113/#p3
Emanation187,CWM_-_CopyFinal_copy-166.,nothing,p,_idIndexMarker313,CWM_-_CopyFinal_copy-166/#p1
Emotion551,CWM_-_CopyFinal_copy-599.,nothing,p,_idIndexMarker771,CWM_-_CopyFinal_copy-599/#p1
End Badly83,CWM_-_CopyFinal_copy-84.,nothing,h2,_idIndexMarker137,CWM_-_CopyFinal_copy-84/#p1
"Endurance66, 123, 404, 517",CWM_-_CopyFinal_copy-68.,nothing,p,_idIndexMarker096,CWM_-_CopyFinal_copy-68/#p2
"Endurance66, 123, 404, 517",CWM_-_CopyFinal_copy-121.,nothing,h2,_idIndexMarker209,CWM_-_CopyFinal_copy-121/#p1
"Endurance66, 123, 404, 517",CWM_-_CopyFinal_copy-356.,nothing,p,_idIndexMarker621,CWM_-_CopyFinal_copy-356/#p1
"Endurance66, 123, 404, 517",CWM_-_CopyFinal_copy-512.,nothing,h2,_idIndexMarker728,CWM_-_CopyFinal_copy-512/#p1
"Energy, use of557",CWM_-_CopyFinal_copy-604.,nothing,h2,_idIndexMarker779,CWM_-_CopyFinal_copy-604/#p1
Envy61,CWM_-_CopyFinal_copy-64.,nothing,p,_idIndexMarker083,CWM_-_CopyFinal_copy-64/#p1
"Epidemic120, 172",CWM_-_CopyFinal_copy-117.,nothing,p,_idIndexMarker202,CWM_-_CopyFinal_copy-117/#p1
"Epidemic120, 172",CWM_-_CopyFinal_copy-157.,nothing,p,_idIndexMarker292,CWM_-_CopyFinal_copy-157/#p1
Equanimity39,CWM_-_CopyFinal_copy-50.,nothing,p,_idIndexMarker044,CWM_-_CopyFinal_copy-50/#p1
"Error25, 385",CWM_-_CopyFinal_copy-30.,nothing,h2,_idIndexMarker015,CWM_-_CopyFinal_copy-30/#p1
"Error25, 385",CWM_-_CopyFinal_copy-337.,nothing,p,_idIndexMarker603,CWM_-_CopyFinal_copy-337/#p1
Evil371,CWM_-_CopyFinal_copy-329.,nothing,p,_idIndexMarker589,CWM_-_CopyFinal_copy-329/#p3
Evil suggestions39,CWM_-_CopyFinal_copy-50.,nothing,p,_idIndexMarker045,CWM_-_CopyFinal_copy-50/#p1
Evolution467,CWM_-_CopyFinal_copy-393.,nothing,p,_idIndexMarker668,CWM_-_CopyFinal_copy-393/#p1
Example469,CWM_-_CopyFinal_copy-403.,nothing,p,_idIndexMarker671,CWM_-_CopyFinal_copy-403/#p1
"Experiences, true value240",CWM_-_CopyFinal_copy-214.,nothing,h2,_idIndexMarker398,CWM_-_CopyFinal_copy-214/#p1
"Faith68, 69, 192, 240, 347, 404, 482, 510",CWM_-_CopyFinal_copy-68.,nothing,p,_idIndexMarker102,CWM_-_CopyFinal_copy-68/#p5
"Faith68, 69, 192, 240, 347, 404, 482, 510",CWM_-_CopyFinal_copy-69.,nothing,h2,_idIndexMarker103,CWM_-_CopyFinal_copy-69/#p1
"Faith68, 69, 192, 240, 347, 404, 482, 510",CWM_-_CopyFinal_copy-170.,nothing,p,_idIndexMarker319,CWM_-_CopyFinal_copy-170/#p1
"Faith68, 69, 192, 240, 347, 404, 482, 510",CWM_-_CopyFinal_copy-213.,nothing,p,_idIndexMarker397,CWM_-_CopyFinal_copy-213/#p1
"Faith68, 69, 192, 240, 347, 404, 482, 510",CWM_-_CopyFinal_copy-304.,nothing,h2,_idIndexMarker548,CWM_-_CopyFinal_copy-304/#p1
"Faith68, 69, 192, 240, 347, 404, 482, 510",CWM_-_CopyFinal_copy-356.,nothing,p,_idIndexMarker622,CWM_-_CopyFinal_copy-356/#p1
"Faith68, 69, 192, 240, 347, 404, 482, 510",CWM_-_CopyFinal_copy-426.,nothing,p,_idIndexMarker688,CWM_-_CopyFinal_copy-426/#p9
"Faith68, 69, 192, 240, 347, 404, 482, 510",CWM_-_CopyFinal_copy-484.,nothing,p,_idIndexMarker715,CWM_-_CopyFinal_copy-484/#p1
"Faith, blind70",CWM_-_CopyFinal_copy-69.,nothing,p,_idIndexMarker105,CWM_-_CopyFinal_copy-69/#p2
Faith cures537,CWM_-_CopyFinal_copy-576.,nothing,h2,_idIndexMarker757,CWM_-_CopyFinal_copy-576/#p1
"Faith, Dynamic193",CWM_-_CopyFinal_copy-171.,nothing,h2,_idIndexMarker323,CWM_-_CopyFinal_copy-171/#p1
"Faith, egoistic236",CWM_-_CopyFinal_copy-208.,nothing,h2,_idIndexMarker391,CWM_-_CopyFinal_copy-208/#p1
Faith in Sri Aurobindo72,CWM_-_CopyFinal_copy-71.,nothing,h2,_idIndexMarker109,CWM_-_CopyFinal_copy-71/#p1
"Falsehood370, 395, 413, 431, 519",CWM_-_CopyFinal_copy-327.,nothing,p,_idIndexMarker587,CWM_-_CopyFinal_copy-327/#p5
"Falsehood370, 395, 413, 431, 519",CWM_-_CopyFinal_copy-345.,nothing,p,_idIndexMarker610,CWM_-_CopyFinal_copy-345/#p1
"Falsehood370, 395, 413, 431, 519",CWM_-_CopyFinal_copy-363.,nothing,p,_idIndexMarker631,CWM_-_CopyFinal_copy-363/#p3
"Falsehood370, 395, 413, 431, 519",CWM_-_CopyFinal_copy-375.,nothing,h2,_idIndexMarker638,CWM_-_CopyFinal_copy-375/#p1
"Falsehood370, 395, 413, 431, 519",CWM_-_CopyFinal_copy-522.,nothing,h2,_idIndexMarker736,CWM_-_CopyFinal_copy-522/#p1
Fat Lady344,CWM_-_CopyFinal_copy-300.,nothing,h2,_idIndexMarker542,CWM_-_CopyFinal_copy-300/#p1
"Fear277, 359, 524, 582",CWM_-_CopyFinal_copy-243.,nothing,p,_idIndexMarker453,CWM_-_CopyFinal_copy-243/#p7
"Fear277, 359, 524, 582",CWM_-_CopyFinal_copy-314.,nothing,p,_idIndexMarker563,CWM_-_CopyFinal_copy-314/#p1
"Fear277, 359, 524, 582",CWM_-_CopyFinal_copy-529.,nothing,h2,_idIndexMarker741,CWM_-_CopyFinal_copy-529/#p1
"Fear277, 359, 524, 582",CWM_-_CopyFinal_copy-624.,nothing,h2,_idIndexMarker797,CWM_-_CopyFinal_copy-624/#p1
"Fear, Cause of Death207",CWM_-_CopyFinal_copy-182.,nothing,h2,_idIndexMarker337,CWM_-_CopyFinal_copy-182/#p1
Fear of Death200,CWM_-_CopyFinal_copy-177.,nothing,h2,_idIndexMarker330,CWM_-_CopyFinal_copy-177/#p1
"Fear, Suggestions of199",CWM_-_CopyFinal_copy-176.,nothing,h2,_idIndexMarker329,CWM_-_CopyFinal_copy-176/#p1
"Fire, third149",CWM_-_CopyFinal_copy-142.,nothing,p,_idIndexMarker261,CWM_-_CopyFinal_copy-142/#p42
First four Beings330,CWM_-_CopyFinal_copy-294.,nothing,p,_idIndexMarker525,CWM_-_CopyFinal_copy-294/#p2
First Humans332,CWM_-_CopyFinal_copy-295.,nothing,p,_idIndexMarker530,CWM_-_CopyFinal_copy-295/#p5
First Man331,CWM_-_CopyFinal_copy-295.,nothing,h2,_idIndexMarker527,CWM_-_CopyFinal_copy-295/#p1
Five elements149,CWM_-_CopyFinal_copy-142.,nothing,p,_idIndexMarker259,CWM_-_CopyFinal_copy-142/#p29
"Flowers, receptive234",CWM_-_CopyFinal_copy-206.,nothing,h2,_idIndexMarker389,CWM_-_CopyFinal_copy-206/#p1
"Flowers, Significance of109",CWM_-_CopyFinal_copy-104.,nothing,h2,_idIndexMarker181,CWM_-_CopyFinal_copy-104/#p1
Flu in Japan172,CWM_-_CopyFinal_copy-157.,nothing,h2,_idIndexMarker291,CWM_-_CopyFinal_copy-157/#p1
Flying saucer256,CWM_-_CopyFinal_copy-228.,nothing,p,_idIndexMarker426,CWM_-_CopyFinal_copy-228/#p4
"Food233, 537",CWM_-_CopyFinal_copy-203.,nothing,h2,_idIndexMarker383,CWM_-_CopyFinal_copy-203/#p1
"Food233, 537",CWM_-_CopyFinal_copy-575.,nothing,h2,_idIndexMarker756,CWM_-_CopyFinal_copy-575/#p1
"Food, Preference for225",CWM_-_CopyFinal_copy-197.,nothing,h2,_idIndexMarker367,CWM_-_CopyFinal_copy-197/#p1
Foreknowledge178,CWM_-_CopyFinal_copy-160.,nothing,h2,_idIndexMarker296,CWM_-_CopyFinal_copy-160/#p1
Foresight541,CWM_-_CopyFinal_copy-597.,nothing,h2,_idIndexMarker763,CWM_-_CopyFinal_copy-597/#p1
Forewarning179,CWM_-_CopyFinal_copy-160.,nothing,p,_idIndexMarker297,CWM_-_CopyFinal_copy-160/#p4
Forgetfulness270,CWM_-_CopyFinal_copy-236.,nothing,p,_idIndexMarker440,CWM_-_CopyFinal_copy-236/#p1
Formations157,CWM_-_CopyFinal_copy-147.,nothing,h2,_idIndexMarker275,CWM_-_CopyFinal_copy-147/#p1
"Form, Spirit of117",CWM_-_CopyFinal_copy-113.,nothing,h2,_idIndexMarker191,CWM_-_CopyFinal_copy-113/#p1
Fourfold Discipline438,CWM_-_CopyFinal_copy-381.,nothing,h2,_idIndexMarker644,CWM_-_CopyFinal_copy-381/#p1
"Freedom105, 472, 518",CWM_-_CopyFinal_copy-101.,nothing,h2,_idIndexMarker168,CWM_-_CopyFinal_copy-101/#p1
"Freedom105, 472, 518",CWM_-_CopyFinal_copy-413.,nothing,p,_idIndexMarker679,CWM_-_CopyFinal_copy-413/#p1
"Freedom105, 472, 518",CWM_-_CopyFinal_copy-521.,nothing,h2,_idIndexMarker735,CWM_-_CopyFinal_copy-521/#p1
"Freedom, Condition for271",CWM_-_CopyFinal_copy-238.,nothing,h2,_idIndexMarker444,CWM_-_CopyFinal_copy-238/#p1
Free Will332,CWM_-_CopyFinal_copy-296.,nothing,h2,_idIndexMarker531,CWM_-_CopyFinal_copy-296/#p1
Fruit of Knowledge556,CWM_-_CopyFinal_copy-603.,nothing,p,_idIndexMarker777,CWM_-_CopyFinal_copy-603/#p1
Funeral of dead535,CWM_-_CopyFinal_copy-572.,nothing,h2,_idIndexMarker754,CWM_-_CopyFinal_copy-572/#p1
Future Supramental Process331,CWM_-_CopyFinal_copy-295.,nothing,p,_idIndexMarker528,CWM_-_CopyFinal_copy-295/#p1
Ganapati215,CWM_-_CopyFinal_copy-186.,nothing,h2,_idIndexMarker344,CWM_-_CopyFinal_copy-186/#p1
Garimā147,CWM_-_CopyFinal_copy-142.,nothing,p,_idIndexMarker253,CWM_-_CopyFinal_copy-142/#p41
Generosity141,CWM_-_CopyFinal_copy-138.,nothing,h2,_idIndexMarker240,CWM_-_CopyFinal_copy-138/#p1
Generous62,CWM_-_CopyFinal_copy-65.,nothing,h2,_idIndexMarker086,CWM_-_CopyFinal_copy-65/#p1
Ghost583,CWM_-_CopyFinal_copy-625.,nothing,h2,_idIndexMarker800,CWM_-_CopyFinal_copy-625/#p1
"Gita, message368",CWM_-_CopyFinal_copy-325.,nothing,h2,_idIndexMarker584,CWM_-_CopyFinal_copy-325/#p1
Gods111,CWM_-_CopyFinal_copy-105.,nothing,p,_idIndexMarker182,CWM_-_CopyFinal_copy-105/#p1
God’s Treatment136,CWM_-_CopyFinal_copy-133.,nothing,h2,_idIndexMarker231,CWM_-_CopyFinal_copy-133/#p1
Golden hammer479,CWM_-_CopyFinal_copy-424.,nothing,p,_idIndexMarker686,CWM_-_CopyFinal_copy-424/#p13
Governing a country195,CWM_-_CopyFinal_copy-172.,nothing,p,_idIndexMarker326,CWM_-_CopyFinal_copy-172/#p2
"Grace300, 356, 399, 400, 472",CWM_-_CopyFinal_copy-273.,nothing,h2,_idIndexMarker487,CWM_-_CopyFinal_copy-273/#p1
"Grace300, 356, 399, 400, 472",CWM_-_CopyFinal_copy-310.,nothing,p,_idIndexMarker557,CWM_-_CopyFinal_copy-310/#p4
"Grace300, 356, 399, 400, 472",CWM_-_CopyFinal_copy-347.,nothing,p,_idIndexMarker614,CWM_-_CopyFinal_copy-347/#p7
"Grace300, 356, 399, 400, 472",CWM_-_CopyFinal_copy-348.,nothing,p,_idIndexMarker615,CWM_-_CopyFinal_copy-348/#p1
"Grace300, 356, 399, 400, 472",CWM_-_CopyFinal_copy-412.,nothing,p,_idIndexMarker678,CWM_-_CopyFinal_copy-412/#p3
Gratefulness517,CWM_-_CopyFinal_copy-508.,nothing,h2,_idIndexMarker726,CWM_-_CopyFinal_copy-508/#p1
Grateful Submission215,CWM_-_CopyFinal_copy-185.,nothing,h2,_idIndexMarker343,CWM_-_CopyFinal_copy-185/#p1
"Gratitude15, 271, 284",CWM_-_CopyFinal_copy-23.,nothing,p,_idIndexMarker005,CWM_-_CopyFinal_copy-23/#p20
"Gratitude15, 271, 284",CWM_-_CopyFinal_copy-237.,nothing,p,_idIndexMarker442,CWM_-_CopyFinal_copy-237/#p1
"Gratitude15, 271, 284",CWM_-_CopyFinal_copy-252.,nothing,p,_idIndexMarker467,CWM_-_CopyFinal_copy-252/#p2
Great Adventure322,CWM_-_CopyFinal_copy-290.,nothing,h2,_idIndexMarker515,CWM_-_CopyFinal_copy-290/#p1
Great cyclone72,CWM_-_CopyFinal_copy-70.,nothing,p,_idIndexMarker107,CWM_-_CopyFinal_copy-70/#p3
Greatest Obstacle23,CWM_-_CopyFinal_copy-29.,nothing,h2,_idIndexMarker013,CWM_-_CopyFinal_copy-29/#p1
Habits of Physical225,CWM_-_CopyFinal_copy-197.,nothing,h2,_idIndexMarker366,CWM_-_CopyFinal_copy-197/#p1
"Happiness141, 518",CWM_-_CopyFinal_copy-138.,nothing,h2,_idIndexMarker239,CWM_-_CopyFinal_copy-138/#p1
"Happiness141, 518",CWM_-_CopyFinal_copy-519.,nothing,h2,_idIndexMarker733,CWM_-_CopyFinal_copy-519/#p1
"Hathayoga35, 323",CWM_-_CopyFinal_copy-46.,nothing,p,_idIndexMarker037,CWM_-_CopyFinal_copy-46/#p6
"Hathayoga35, 323",CWM_-_CopyFinal_copy-291.,nothing,p,_idIndexMarker516,CWM_-_CopyFinal_copy-291/#p1
Hatred61,CWM_-_CopyFinal_copy-64.,nothing,p,_idIndexMarker084,CWM_-_CopyFinal_copy-64/#p1
Healing391,CWM_-_CopyFinal_copy-340.,nothing,p,_idIndexMarker606,CWM_-_CopyFinal_copy-340/#p9
Heart32,CWM_-_CopyFinal_copy-41.,nothing,p,_idIndexMarker030,CWM_-_CopyFinal_copy-41/#p8
Heaven368,CWM_-_CopyFinal_copy-326.,nothing,h2,_idIndexMarker585,CWM_-_CopyFinal_copy-326/#p1
Hell368,CWM_-_CopyFinal_copy-326.,nothing,h2,_idIndexMarker586,CWM_-_CopyFinal_copy-326/#p1
Heroism517,CWM_-_CopyFinal_copy-513.,nothing,h2,_idIndexMarker729,CWM_-_CopyFinal_copy-513/#p1
Higher Worlds281,CWM_-_CopyFinal_copy-248.,nothing,h2,_idIndexMarker459,CWM_-_CopyFinal_copy-248/#p1
"History100, 367",CWM_-_CopyFinal_copy-97.,nothing,h2,_idIndexMarker164,CWM_-_CopyFinal_copy-97/#p1
"History100, 367",CWM_-_CopyFinal_copy-324.,nothing,h2,_idIndexMarker583,CWM_-_CopyFinal_copy-324/#p1
Hitler111,CWM_-_CopyFinal_copy-107.,nothing,h2,_idIndexMarker183,CWM_-_CopyFinal_copy-107/#p1
"Hostile Forces68, 136, 247",CWM_-_CopyFinal_copy-68.,nothing,p,_idIndexMarker100,CWM_-_CopyFinal_copy-68/#p5
"Hostile Forces68, 136, 247",CWM_-_CopyFinal_copy-132.,nothing,h2,_idIndexMarker229,CWM_-_CopyFinal_copy-132/#p1
"Hostile Forces68, 136, 247",CWM_-_CopyFinal_copy-219.,nothing,h2,_idIndexMarker404,CWM_-_CopyFinal_copy-219/#p1
Human Beings289,CWM_-_CopyFinal_copy-260.,nothing,h2,_idIndexMarker476,CWM_-_CopyFinal_copy-260/#p1
"Humanity, True Benefactors of272",CWM_-_CopyFinal_copy-240.,nothing,h2,_idIndexMarker447,CWM_-_CopyFinal_copy-240/#p1
"Human love220, 514",CWM_-_CopyFinal_copy-190.,nothing,p,_idIndexMarker354,CWM_-_CopyFinal_copy-190/#p1
"Human love220, 514",CWM_-_CopyFinal_copy-498.,nothing,p,_idIndexMarker722,CWM_-_CopyFinal_copy-498/#p1
"Human nature49, 56",CWM_-_CopyFinal_copy-56.,nothing,p,_idIndexMarker062,CWM_-_CopyFinal_copy-56/#p2
"Human nature49, 56",CWM_-_CopyFinal_copy-57.,nothing,p,_idIndexMarker070,CWM_-_CopyFinal_copy-57/#p5
Human Prototype332,CWM_-_CopyFinal_copy-295.,nothing,p,_idIndexMarker529,CWM_-_CopyFinal_copy-295/#p3
"Humility68, 77, 143, 221, 516",CWM_-_CopyFinal_copy-68.,nothing,p,_idIndexMarker101,CWM_-_CopyFinal_copy-68/#p5
"Humility68, 77, 143, 221, 516",CWM_-_CopyFinal_copy-76.,nothing,h2,_idIndexMarker122,CWM_-_CopyFinal_copy-76/#p1
"Humility68, 77, 143, 221, 516",CWM_-_CopyFinal_copy-140.,nothing,p,_idIndexMarker245,CWM_-_CopyFinal_copy-140/#p2
"Humility68, 77, 143, 221, 516",CWM_-_CopyFinal_copy-191.,nothing,p,_idIndexMarker357,CWM_-_CopyFinal_copy-191/#p1
"Humility68, 77, 143, 221, 516",CWM_-_CopyFinal_copy-507.,nothing,h2,_idIndexMarker725,CWM_-_CopyFinal_copy-507/#p1
Ideal attitude261,CWM_-_CopyFinal_copy-230.,nothing,p,_idIndexMarker429,CWM_-_CopyFinal_copy-230/#p4
Ideal place466,CWM_-_CopyFinal_copy-391.,nothing,p,_idIndexMarker665,CWM_-_CopyFinal_copy-391/#p1
Idol383,CWM_-_CopyFinal_copy-333.,nothing,p,_idIndexMarker600,CWM_-_CopyFinal_copy-333/#p1
"Ignorance131, 463",CWM_-_CopyFinal_copy-125.,nothing,p,_idIndexMarker222,CWM_-_CopyFinal_copy-125/#p5
"Ignorance131, 463",CWM_-_CopyFinal_copy-388.,nothing,p,_idIndexMarker661,CWM_-_CopyFinal_copy-388/#p7
"Ignorance, Force of133",CWM_-_CopyFinal_copy-129.,nothing,h2,_idIndexMarker226,CWM_-_CopyFinal_copy-129/#p1
"Ignorance, movements of376",CWM_-_CopyFinal_copy-330.,nothing,p,_idIndexMarker595,CWM_-_CopyFinal_copy-330/#p7
"Illness46, 56, 120, 163, 582",CWM_-_CopyFinal_copy-54.,nothing,h2,_idIndexMarker058,CWM_-_CopyFinal_copy-54/#p1
"Illness46, 56, 120, 163, 582",CWM_-_CopyFinal_copy-59.,nothing,h2,_idIndexMarker073,CWM_-_CopyFinal_copy-59/#p1
"Illness46, 56, 120, 163, 582",CWM_-_CopyFinal_copy-117.,nothing,h2,_idIndexMarker200,CWM_-_CopyFinal_copy-117/#p1
"Illness46, 56, 120, 163, 582",CWM_-_CopyFinal_copy-155.,nothing,h2,_idIndexMarker288,CWM_-_CopyFinal_copy-155/#p1
"Illness46, 56, 120, 163, 582",CWM_-_CopyFinal_copy-624.,nothing,h2,_idIndexMarker798,CWM_-_CopyFinal_copy-624/#p1
"Illnesses, causes163, 403",CWM_-_CopyFinal_copy-156.,nothing,h2,_idIndexMarker289,CWM_-_CopyFinal_copy-156/#p1
"Illnesses, causes163, 403",CWM_-_CopyFinal_copy-354.,nothing,p,_idIndexMarker620,CWM_-_CopyFinal_copy-354/#p1
"Illness, how to cure174",CWM_-_CopyFinal_copy-158.,nothing,h2,_idIndexMarker293,CWM_-_CopyFinal_copy-158/#p1
"Illness, Spiritual Cure129",CWM_-_CopyFinal_copy-124.,nothing,h2,_idIndexMarker218,CWM_-_CopyFinal_copy-124/#p1
Illness through Fear163,CWM_-_CopyFinal_copy-155.,nothing,h2,_idIndexMarker287,CWM_-_CopyFinal_copy-155/#p1
Illusion of Action48,CWM_-_CopyFinal_copy-55.,nothing,h2,_idIndexMarker060,CWM_-_CopyFinal_copy-55/#p1
Illusion of personality23,CWM_-_CopyFinal_copy-29.,nothing,p,_idIndexMarker014,CWM_-_CopyFinal_copy-29/#p2
"Imagination72, 266",CWM_-_CopyFinal_copy-71.,nothing,h2,_idIndexMarker108,CWM_-_CopyFinal_copy-71/#p1
"Imagination72, 266",CWM_-_CopyFinal_copy-235.,nothing,h2,_idIndexMarker437,CWM_-_CopyFinal_copy-235/#p1
Incapacity124,CWM_-_CopyFinal_copy-122.,nothing,h2,_idIndexMarker213,CWM_-_CopyFinal_copy-122/#p1
"Incarnation, secret of373",CWM_-_CopyFinal_copy-329.,nothing,p,_idIndexMarker591,CWM_-_CopyFinal_copy-329/#p14
Inconscient550,CWM_-_CopyFinal_copy-598.,nothing,p,_idIndexMarker770,CWM_-_CopyFinal_copy-598/#p12
"Inconscient, pure122",CWM_-_CopyFinal_copy-119.,nothing,p,_idIndexMarker205,CWM_-_CopyFinal_copy-119/#p1
"India470, 498, 499",CWM_-_CopyFinal_copy-406.,nothing,p,_idIndexMarker672,CWM_-_CopyFinal_copy-406/#p1
"India470, 498, 499",CWM_-_CopyFinal_copy-450.,nothing,p,_idIndexMarker703,CWM_-_CopyFinal_copy-450/#p33
"India470, 498, 499",CWM_-_CopyFinal_copy-451.,nothing,h2,_idIndexMarker704,CWM_-_CopyFinal_copy-451/#p1
India’s Freedom Foreseen177,CWM_-_CopyFinal_copy-159.,nothing,h2,_idIndexMarker295,CWM_-_CopyFinal_copy-159/#p1
Inert Passivity348,CWM_-_CopyFinal_copy-304.,nothing,p,_idIndexMarker550,CWM_-_CopyFinal_copy-304/#p6
"Influence of Parents468, 472",CWM_-_CopyFinal_copy-398.,nothing,h2,_idIndexMarker670,CWM_-_CopyFinal_copy-398/#p1
"Influence of Parents468, 472",CWM_-_CopyFinal_copy-415.,nothing,h2,_idIndexMarker680,CWM_-_CopyFinal_copy-415/#p1
"Influence, outside309",CWM_-_CopyFinal_copy-280.,nothing,h2,_idIndexMarker500,CWM_-_CopyFinal_copy-280/#p1
Inner law81,CWM_-_CopyFinal_copy-80.,nothing,p,_idIndexMarker133,CWM_-_CopyFinal_copy-80/#p1
"Insects197, 530",CWM_-_CopyFinal_copy-174.,nothing,h2,_idIndexMarker328,CWM_-_CopyFinal_copy-174/#p1
"Insects197, 530",CWM_-_CopyFinal_copy-553.,nothing,h2,_idIndexMarker750,CWM_-_CopyFinal_copy-553/#p1
"Insincerity124, 522, 587",CWM_-_CopyFinal_copy-122.,nothing,h2,_idIndexMarker214,CWM_-_CopyFinal_copy-122/#p1
"Insincerity124, 522, 587",CWM_-_CopyFinal_copy-527.,nothing,p,_idIndexMarker740,CWM_-_CopyFinal_copy-527/#p9
"Insincerity124, 522, 587",CWM_-_CopyFinal_copy-635.,nothing,p,_idIndexMarker811,CWM_-_CopyFinal_copy-635/#p1
"Insincerity, Unhappiness is234",CWM_-_CopyFinal_copy-204.,nothing,h2,_idIndexMarker384,CWM_-_CopyFinal_copy-204/#p1
Inspiration150,CWM_-_CopyFinal_copy-143.,nothing,p,_idIndexMarker264,CWM_-_CopyFinal_copy-143/#p1
Instincts253,CWM_-_CopyFinal_copy-224.,nothing,h2,_idIndexMarker416,CWM_-_CopyFinal_copy-224/#p1
Instrument of the Divine143,CWM_-_CopyFinal_copy-141.,nothing,h2,_idIndexMarker246,CWM_-_CopyFinal_copy-141/#p1
Integral Yoga283,CWM_-_CopyFinal_copy-251.,nothing,h2,_idIndexMarker465,CWM_-_CopyFinal_copy-251/#p1
"Intellect, Proper Function38",CWM_-_CopyFinal_copy-49.,nothing,h2,_idIndexMarker042,CWM_-_CopyFinal_copy-49/#p1
Intolerance361,CWM_-_CopyFinal_copy-316.,nothing,h2,_idIndexMarker568,CWM_-_CopyFinal_copy-316/#p1
Intuition349,CWM_-_CopyFinal_copy-305.,nothing,h2,_idIndexMarker551,CWM_-_CopyFinal_copy-305/#p1
Involutionary beings283,CWM_-_CopyFinal_copy-249.,nothing,p,_idIndexMarker462,CWM_-_CopyFinal_copy-249/#p3
Japan27,CWM_-_CopyFinal_copy-35.,nothing,h2,_idIndexMarker021,CWM_-_CopyFinal_copy-35/#p1
J. C. Bose149,CWM_-_CopyFinal_copy-142.,nothing,p,_idIndexMarker262,CWM_-_CopyFinal_copy-142/#p37
Jealousy61,CWM_-_CopyFinal_copy-64.,nothing,p,_idIndexMarker082,CWM_-_CopyFinal_copy-64/#p1
Joy518,CWM_-_CopyFinal_copy-520.,nothing,h2,_idIndexMarker734,CWM_-_CopyFinal_copy-520/#p1
"Judging Others26, 321",CWM_-_CopyFinal_copy-33.,nothing,h2,_idIndexMarker018,CWM_-_CopyFinal_copy-33/#p1
"Judging Others26, 321",CWM_-_CopyFinal_copy-288.,nothing,p,_idIndexMarker513,CWM_-_CopyFinal_copy-288/#p3
Judging Things93,CWM_-_CopyFinal_copy-91.,nothing,h2,_idIndexMarker149,CWM_-_CopyFinal_copy-91/#p1
"Justice, notions of183",CWM_-_CopyFinal_copy-164.,nothing,p,_idIndexMarker307,CWM_-_CopyFinal_copy-164/#p1
"Kali215, 232",CWM_-_CopyFinal_copy-186.,nothing,h2,_idIndexMarker345,CWM_-_CopyFinal_copy-186/#p1
"Kali215, 232",CWM_-_CopyFinal_copy-202.,nothing,p,_idIndexMarker380,CWM_-_CopyFinal_copy-202/#p4
"Karma79, 565",CWM_-_CopyFinal_copy-76.,nothing,p,_idIndexMarker127,CWM_-_CopyFinal_copy-76/#p3
"Karma79, 565",CWM_-_CopyFinal_copy-607.,nothing,p,_idIndexMarker784,CWM_-_CopyFinal_copy-607/#p1
Knowings305,CWM_-_CopyFinal_copy-278.,nothing,p,_idIndexMarker495,CWM_-_CopyFinal_copy-278/#p2
"Knowledge94, 358",CWM_-_CopyFinal_copy-91.,nothing,p,_idIndexMarker151,CWM_-_CopyFinal_copy-91/#p3
"Knowledge94, 358",CWM_-_CopyFinal_copy-312.,nothing,p,_idIndexMarker560,CWM_-_CopyFinal_copy-312/#p1
"Knowledge by Identity77, 194, 306",CWM_-_CopyFinal_copy-75.,nothing,h2,_idIndexMarker120,CWM_-_CopyFinal_copy-75/#p1
"Knowledge by Identity77, 194, 306",CWM_-_CopyFinal_copy-172.,nothing,p,_idIndexMarker325,CWM_-_CopyFinal_copy-172/#p1
"Knowledge by Identity77, 194, 306",CWM_-_CopyFinal_copy-278.,nothing,p,_idIndexMarker496,CWM_-_CopyFinal_copy-278/#p3
Knowledge of psychic69,CWM_-_CopyFinal_copy-69.,nothing,p,_idIndexMarker104,CWM_-_CopyFinal_copy-69/#p1
"Knowledge, relativity of242",CWM_-_CopyFinal_copy-215.,nothing,h2,_idIndexMarker400,CWM_-_CopyFinal_copy-215/#p1
"Krishna364, 367, 401, 529",CWM_-_CopyFinal_copy-319.,nothing,p,_idIndexMarker574,CWM_-_CopyFinal_copy-319/#p3
"Krishna364, 367, 401, 529",CWM_-_CopyFinal_copy-323.,nothing,h2,_idIndexMarker581,CWM_-_CopyFinal_copy-323/#p1
"Krishna364, 367, 401, 529",CWM_-_CopyFinal_copy-351.,nothing,p,_idIndexMarker617,CWM_-_CopyFinal_copy-351/#p1
"Krishna364, 367, 401, 529",CWM_-_CopyFinal_copy-549.,nothing,p,_idIndexMarker747,CWM_-_CopyFinal_copy-549/#p1
Laghimā147,CWM_-_CopyFinal_copy-142.,nothing,p,_idIndexMarker254,CWM_-_CopyFinal_copy-142/#p41
"Laws, no fixed76",CWM_-_CopyFinal_copy-74.,nothing,p,_idIndexMarker117,CWM_-_CopyFinal_copy-74/#p2
"Laws of Nature300, 401",CWM_-_CopyFinal_copy-273.,nothing,p,_idIndexMarker488,CWM_-_CopyFinal_copy-273/#p1
"Laws of Nature300, 401",CWM_-_CopyFinal_copy-350.,nothing,h2,_idIndexMarker616,CWM_-_CopyFinal_copy-350/#p1
"Laziness139, 492, 525",CWM_-_CopyFinal_copy-135.,nothing,h2,_idIndexMarker236,CWM_-_CopyFinal_copy-135/#p1
"Laziness139, 492, 525",CWM_-_CopyFinal_copy-440.,nothing,h2,_idIndexMarker693,CWM_-_CopyFinal_copy-440/#p1
"Laziness139, 492, 525",CWM_-_CopyFinal_copy-530.,nothing,p,_idIndexMarker742,CWM_-_CopyFinal_copy-530/#p1
"Lazy87, 587",CWM_-_CopyFinal_copy-87.,nothing,p,_idIndexMarker144,CWM_-_CopyFinal_copy-87/#p1
"Lazy87, 587",CWM_-_CopyFinal_copy-636.,nothing,p,_idIndexMarker812,CWM_-_CopyFinal_copy-636/#p1
"Learning, process118",CWM_-_CopyFinal_copy-114.,nothing,h2,_idIndexMarker195,CWM_-_CopyFinal_copy-114/#p1
Learn perpetually228,CWM_-_CopyFinal_copy-199.,nothing,p,_idIndexMarker371,CWM_-_CopyFinal_copy-199/#p1
Lesson of hope19,CWM_-_CopyFinal_copy-25.,nothing,p,_idIndexMarker010,CWM_-_CopyFinal_copy-25/#p30
Liars89,CWM_-_CopyFinal_copy-88.,nothing,h2,_idIndexMarker145,CWM_-_CopyFinal_copy-88/#p1
Lighting incense294,CWM_-_CopyFinal_copy-266.,nothing,p,_idIndexMarker481,CWM_-_CopyFinal_copy-266/#p4
Lines of Hands584,CWM_-_CopyFinal_copy-629.,nothing,h2,_idIndexMarker806,CWM_-_CopyFinal_copy-629/#p1
Literature152,CWM_-_CopyFinal_copy-144.,nothing,p,_idIndexMarker266,CWM_-_CopyFinal_copy-144/#p2
Logic370,CWM_-_CopyFinal_copy-328.,nothing,p,_idIndexMarker588,CWM_-_CopyFinal_copy-328/#p1
"Love48, 109, 372, 553",CWM_-_CopyFinal_copy-56.,nothing,h2,_idIndexMarker061,CWM_-_CopyFinal_copy-56/#p1
"Love48, 109, 372, 553",CWM_-_CopyFinal_copy-103.,nothing,p,_idIndexMarker180,CWM_-_CopyFinal_copy-103/#p5
"Love48, 109, 372, 553",CWM_-_CopyFinal_copy-329.,nothing,p,_idIndexMarker590,CWM_-_CopyFinal_copy-329/#p11
"Love48, 109, 372, 553",CWM_-_CopyFinal_copy-599.,nothing,p,_idIndexMarker772,CWM_-_CopyFinal_copy-599/#p7
"Love, human298",CWM_-_CopyFinal_copy-271.,nothing,h2,_idIndexMarker485,CWM_-_CopyFinal_copy-271/#p1
Love of Parents220,CWM_-_CopyFinal_copy-190.,nothing,h2,_idIndexMarker353,CWM_-_CopyFinal_copy-190/#p1
"Love, Origin of514",CWM_-_CopyFinal_copy-496.,nothing,h2,_idIndexMarker720,CWM_-_CopyFinal_copy-496/#p1
"Luck402, 583",CWM_-_CopyFinal_copy-352.,nothing,p,_idIndexMarker618,CWM_-_CopyFinal_copy-352/#p3
"Luck402, 583",CWM_-_CopyFinal_copy-626.,nothing,p,_idIndexMarker801,CWM_-_CopyFinal_copy-626/#p1
Luminous screen90,CWM_-_CopyFinal_copy-89.,nothing,p,_idIndexMarker146,CWM_-_CopyFinal_copy-89/#p2
"Magic275, 354",CWM_-_CopyFinal_copy-243.,nothing,h2,_idIndexMarker452,CWM_-_CopyFinal_copy-243/#p1
"Magic275, 354",CWM_-_CopyFinal_copy-308.,nothing,h2,_idIndexMarker555,CWM_-_CopyFinal_copy-308/#p1
Mahakali216,CWM_-_CopyFinal_copy-186.,nothing,p,_idIndexMarker346,CWM_-_CopyFinal_copy-186/#p5
Mahasamadhi474,CWM_-_CopyFinal_copy-417.,nothing,h2,_idIndexMarker683,CWM_-_CopyFinal_copy-417/#p1
Mahimā147,CWM_-_CopyFinal_copy-142.,nothing,p,_idIndexMarker255,CWM_-_CopyFinal_copy-142/#p41
March Past273,CWM_-_CopyFinal_copy-241.,nothing,p,_idIndexMarker449,CWM_-_CopyFinal_copy-241/#p1
Marriage584,CWM_-_CopyFinal_copy-628.,nothing,h2,_idIndexMarker805,CWM_-_CopyFinal_copy-628/#p1
Material world396,CWM_-_CopyFinal_copy-346.,nothing,p,_idIndexMarker611,CWM_-_CopyFinal_copy-346/#p1
"Matter, difficulty in404",CWM_-_CopyFinal_copy-357.,nothing,p,_idIndexMarker623,CWM_-_CopyFinal_copy-357/#p1
Medical knowledge307,CWM_-_CopyFinal_copy-278.,nothing,p,_idIndexMarker498,CWM_-_CopyFinal_copy-278/#p6
Medical science97,CWM_-_CopyFinal_copy-93.,nothing,p,_idIndexMarker160,CWM_-_CopyFinal_copy-93/#p4
Medical suggestions587,CWM_-_CopyFinal_copy-634.,nothing,p,_idIndexMarker810,CWM_-_CopyFinal_copy-634/#p3
"Medicine47, 582",CWM_-_CopyFinal_copy-54.,nothing,p,_idIndexMarker059,CWM_-_CopyFinal_copy-54/#p3
"Medicine47, 582",CWM_-_CopyFinal_copy-624.,nothing,h2,_idIndexMarker799,CWM_-_CopyFinal_copy-624/#p1
"Meditation34, 142",CWM_-_CopyFinal_copy-46.,nothing,h2,_idIndexMarker035,CWM_-_CopyFinal_copy-46/#p1
"Meditation34, 142",CWM_-_CopyFinal_copy-140.,nothing,h2,_idIndexMarker243,CWM_-_CopyFinal_copy-140/#p1
Memory206,CWM_-_CopyFinal_copy-181.,nothing,p,_idIndexMarker336,CWM_-_CopyFinal_copy-181/#p2
Mental Arrogance238,CWM_-_CopyFinal_copy-211.,nothing,h2,_idIndexMarker394,CWM_-_CopyFinal_copy-211/#p1
"Mental construction45, 119",CWM_-_CopyFinal_copy-53.,nothing,p,_idIndexMarker055,CWM_-_CopyFinal_copy-53/#p3
"Mental construction45, 119",CWM_-_CopyFinal_copy-115.,nothing,p,_idIndexMarker197,CWM_-_CopyFinal_copy-115/#p3
Mental formation162,CWM_-_CopyFinal_copy-153.,nothing,p,_idIndexMarker285,CWM_-_CopyFinal_copy-153/#p1
"Mental Fortress115, 119",CWM_-_CopyFinal_copy-111.,nothing,h2,_idIndexMarker188,CWM_-_CopyFinal_copy-111/#p1
"Mental Fortress115, 119",CWM_-_CopyFinal_copy-115.,nothing,h2,_idIndexMarker196,CWM_-_CopyFinal_copy-115/#p1
Mentally Deranged112,CWM_-_CopyFinal_copy-108.,nothing,h2,_idIndexMarker184,CWM_-_CopyFinal_copy-108/#p1
Mental perception328,CWM_-_CopyFinal_copy-293.,nothing,h2,_idIndexMarker520,CWM_-_CopyFinal_copy-293/#p1
Mental Vision266,CWM_-_CopyFinal_copy-235.,nothing,h2,_idIndexMarker436,CWM_-_CopyFinal_copy-235/#p1
Mental World43,CWM_-_CopyFinal_copy-53.,nothing,h2,_idIndexMarker050,CWM_-_CopyFinal_copy-53/#p1
Message of solace19,CWM_-_CopyFinal_copy-25.,nothing,p,_idIndexMarker011,CWM_-_CopyFinal_copy-25/#p30
"Microbes46, 120",CWM_-_CopyFinal_copy-54.,nothing,h2,_idIndexMarker057,CWM_-_CopyFinal_copy-54/#p1
"Microbes46, 120",CWM_-_CopyFinal_copy-117.,nothing,h2,_idIndexMarker199,CWM_-_CopyFinal_copy-117/#p1
"Mind43, 238, 439",CWM_-_CopyFinal_copy-53.,nothing,p,_idIndexMarker051,CWM_-_CopyFinal_copy-53/#p2
"Mind43, 238, 439",CWM_-_CopyFinal_copy-211.,nothing,p,_idIndexMarker395,CWM_-_CopyFinal_copy-211/#p1
"Mind43, 238, 439",CWM_-_CopyFinal_copy-381.,nothing,p,_idIndexMarker648,CWM_-_CopyFinal_copy-381/#p4
"Mind, development of439",CWM_-_CopyFinal_copy-381.,nothing,p,_idIndexMarker647,CWM_-_CopyFinal_copy-381/#p3
"Mind, role of291",CWM_-_CopyFinal_copy-264.,nothing,p,_idIndexMarker479,CWM_-_CopyFinal_copy-264/#p1
"Mind, uncontrolled290",CWM_-_CopyFinal_copy-262.,nothing,h2,_idIndexMarker477,CWM_-_CopyFinal_copy-262/#p1
"Mind, Universal303",CWM_-_CopyFinal_copy-275.,nothing,h2,_idIndexMarker491,CWM_-_CopyFinal_copy-275/#p1
Miracles390,CWM_-_CopyFinal_copy-340.,nothing,p,_idIndexMarker605,CWM_-_CopyFinal_copy-340/#p1
Mischief-making162,CWM_-_CopyFinal_copy-152.,nothing,p,_idIndexMarker283,CWM_-_CopyFinal_copy-152/#p1
Miser157,CWM_-_CopyFinal_copy-148.,nothing,h2,_idIndexMarker276,CWM_-_CopyFinal_copy-148/#p1
Misfortune366,CWM_-_CopyFinal_copy-322.,nothing,p,_idIndexMarker579,CWM_-_CopyFinal_copy-322/#p1
Mistake236,CWM_-_CopyFinal_copy-207.,nothing,h2,_idIndexMarker390,CWM_-_CopyFinal_copy-207/#p1
"Money252, 490",CWM_-_CopyFinal_copy-223.,nothing,p,_idIndexMarker413,CWM_-_CopyFinal_copy-223/#p2
"Money252, 490",CWM_-_CopyFinal_copy-437.,nothing,p,_idIndexMarker692,CWM_-_CopyFinal_copy-437/#p2
Money and Consciousness224,CWM_-_CopyFinal_copy-196.,nothing,h2,_idIndexMarker362,CWM_-_CopyFinal_copy-196/#p1
"Money, catastrophe252",CWM_-_CopyFinal_copy-223.,nothing,h2,_idIndexMarker412,CWM_-_CopyFinal_copy-223/#p1
Money force225,CWM_-_CopyFinal_copy-196.,nothing,p,_idIndexMarker363,CWM_-_CopyFinal_copy-196/#p3
Money Power41,CWM_-_CopyFinal_copy-52.,nothing,h2,_idIndexMarker049,CWM_-_CopyFinal_copy-52/#p1
Moral disbalance85,CWM_-_CopyFinal_copy-85.,nothing,p,_idIndexMarker140,CWM_-_CopyFinal_copy-85/#p1
"Morality30, 377",CWM_-_CopyFinal_copy-38.,nothing,h2,_idIndexMarker025,CWM_-_CopyFinal_copy-38/#p1
"Morality30, 377",CWM_-_CopyFinal_copy-331.,nothing,h2,_idIndexMarker598,CWM_-_CopyFinal_copy-331/#p1
Most Helpful Individuals29,CWM_-_CopyFinal_copy-37.,nothing,h2,_idIndexMarker024,CWM_-_CopyFinal_copy-37/#p1
Most Useful Work21,CWM_-_CopyFinal_copy-26.,nothing,h2,_idIndexMarker012,CWM_-_CopyFinal_copy-26/#p1
Mother intervening180,CWM_-_CopyFinal_copy-160.,nothing,p,_idIndexMarker299,CWM_-_CopyFinal_copy-160/#p6
Mother’s dream466,CWM_-_CopyFinal_copy-391.,nothing,p,_idIndexMarker666,CWM_-_CopyFinal_copy-391/#p2
Mother’s emanation481,CWM_-_CopyFinal_copy-426.,nothing,p,_idIndexMarker687,CWM_-_CopyFinal_copy-426/#p3
"Mother’s Experience336, 344, 397, 407, 408, 414, 426, 429, 558, 561, 574",CWM_-_CopyFinal_copy-298.,nothing,h2,_idIndexMarker537,CWM_-_CopyFinal_copy-298/#p1
"Mother’s Experience336, 344, 397, 407, 408, 414, 426, 429, 558, 561, 574",CWM_-_CopyFinal_copy-300.,nothing,h2,_idIndexMarker541,CWM_-_CopyFinal_copy-300/#p1
"Mother’s Experience336, 344, 397, 407, 408, 414, 426, 429, 558, 561, 574",CWM_-_CopyFinal_copy-347.,nothing,h2,_idIndexMarker613,CWM_-_CopyFinal_copy-347/#p1
"Mother’s Experience336, 344, 397, 407, 408, 414, 426, 429, 558, 561, 574",CWM_-_CopyFinal_copy-358.,nothing,p,_idIndexMarker625,CWM_-_CopyFinal_copy-358/#p10
"Mother’s Experience336, 344, 397, 407, 408, 414, 426, 429, 558, 561, 574",CWM_-_CopyFinal_copy-359.,nothing,h2,_idIndexMarker626,CWM_-_CopyFinal_copy-359/#p1
"Mother’s Experience336, 344, 397, 407, 408, 414, 426, 429, 558, 561, 574",CWM_-_CopyFinal_copy-365.,nothing,h2,_idIndexMarker633,CWM_-_CopyFinal_copy-365/#p1
"Mother’s Experience336, 344, 397, 407, 408, 414, 426, 429, 558, 561, 574",CWM_-_CopyFinal_copy-369.,nothing,h2,_idIndexMarker635,CWM_-_CopyFinal_copy-369/#p1
"Mother’s Experience336, 344, 397, 407, 408, 414, 426, 429, 558, 561, 574",CWM_-_CopyFinal_copy-373.,nothing,p,_idIndexMarker636,CWM_-_CopyFinal_copy-373/#p1
"Mother’s Experience336, 344, 397, 407, 408, 414, 426, 429, 558, 561, 574",CWM_-_CopyFinal_copy-605.,nothing,h2,_idIndexMarker780,CWM_-_CopyFinal_copy-605/#p1
"Mother’s Experience336, 344, 397, 407, 408, 414, 426, 429, 558, 561, 574",CWM_-_CopyFinal_copy-606.,nothing,h2,_idIndexMarker781,CWM_-_CopyFinal_copy-606/#p1
"Mother’s Experience336, 344, 397, 407, 408, 414, 426, 429, 558, 561, 574",CWM_-_CopyFinal_copy-613.,nothing,h2,_idIndexMarker790,CWM_-_CopyFinal_copy-613/#p1
Mother’s Flag500,CWM_-_CopyFinal_copy-453.,nothing,h2,_idIndexMarker705,CWM_-_CopyFinal_copy-453/#p1
Mother’s talks299,CWM_-_CopyFinal_copy-272.,nothing,h2,_idIndexMarker486,CWM_-_CopyFinal_copy-272/#p1
"Mother, the477",CWM_-_CopyFinal_copy-423.,nothing,h2,_idIndexMarker685,CWM_-_CopyFinal_copy-423/#p1
"Mummy118, 406",CWM_-_CopyFinal_copy-113.,nothing,p,_idIndexMarker194,CWM_-_CopyFinal_copy-113/#p4
"Mummy118, 406",CWM_-_CopyFinal_copy-358.,nothing,p,_idIndexMarker624,CWM_-_CopyFinal_copy-358/#p2
Music150,CWM_-_CopyFinal_copy-143.,nothing,h2,_idIndexMarker263,CWM_-_CopyFinal_copy-143/#p1
"Music, European153",CWM_-_CopyFinal_copy-144.,nothing,p,_idIndexMarker271,CWM_-_CopyFinal_copy-144/#p4
"Music, Indian153",CWM_-_CopyFinal_copy-144.,nothing,p,_idIndexMarker272,CWM_-_CopyFinal_copy-144/#p4
"Music, origin151",CWM_-_CopyFinal_copy-144.,nothing,h2,_idIndexMarker265,CWM_-_CopyFinal_copy-144/#p1
My Creed31,CWM_-_CopyFinal_copy-40.,nothing,h2,_idIndexMarker027,CWM_-_CopyFinal_copy-40/#p1
Negligence in Work493,CWM_-_CopyFinal_copy-444.,nothing,h2,_idIndexMarker695,CWM_-_CopyFinal_copy-444/#p1
Nervous Envelop56,CWM_-_CopyFinal_copy-59.,nothing,h2,_idIndexMarker072,CWM_-_CopyFinal_copy-59/#p1
Never Leave Path245,CWM_-_CopyFinal_copy-218.,nothing,h2,_idIndexMarker403,CWM_-_CopyFinal_copy-218/#p1
Never wish for death138,CWM_-_CopyFinal_copy-133.,nothing,p,_idIndexMarker234,CWM_-_CopyFinal_copy-133/#p4
"Nightmare116, 250",CWM_-_CopyFinal_copy-112.,nothing,h2,_idIndexMarker189,CWM_-_CopyFinal_copy-112/#p1
"Nightmare116, 250",CWM_-_CopyFinal_copy-221.,nothing,p,_idIndexMarker408,CWM_-_CopyFinal_copy-221/#p4
Nigraha183,CWM_-_CopyFinal_copy-163.,nothing,p,_idIndexMarker304,CWM_-_CopyFinal_copy-163/#p2
No evil91,CWM_-_CopyFinal_copy-89.,nothing,p,_idIndexMarker147,CWM_-_CopyFinal_copy-89/#p5
"Objectivisation107, 329, 330, 345, 396",CWM_-_CopyFinal_copy-101.,nothing,p,_idIndexMarker176,CWM_-_CopyFinal_copy-101/#p6
"Objectivisation107, 329, 330, 345, 396",CWM_-_CopyFinal_copy-293.,nothing,p,_idIndexMarker523,CWM_-_CopyFinal_copy-293/#p5
"Objectivisation107, 329, 330, 345, 396",CWM_-_CopyFinal_copy-294.,nothing,p,_idIndexMarker526,CWM_-_CopyFinal_copy-294/#p2
"Objectivisation107, 329, 330, 345, 396",CWM_-_CopyFinal_copy-302.,nothing,p,_idIndexMarker545,CWM_-_CopyFinal_copy-302/#p2
"Objectivisation107, 329, 330, 345, 396",CWM_-_CopyFinal_copy-346.,nothing,p,_idIndexMarker612,CWM_-_CopyFinal_copy-346/#p2
Objectivity411,CWM_-_CopyFinal_copy-362.,nothing,p,_idIndexMarker629,CWM_-_CopyFinal_copy-362/#p1
"Occultism275, 354",CWM_-_CopyFinal_copy-243.,nothing,h2,_idIndexMarker451,CWM_-_CopyFinal_copy-243/#p1
"Occultism275, 354",CWM_-_CopyFinal_copy-308.,nothing,p,_idIndexMarker556,CWM_-_CopyFinal_copy-308/#p3
Offering before eating233,CWM_-_CopyFinal_copy-203.,nothing,h2,_idIndexMarker382,CWM_-_CopyFinal_copy-203/#p1
Offering Oneself36,CWM_-_CopyFinal_copy-47.,nothing,h2,_idIndexMarker039,CWM_-_CopyFinal_copy-47/#p1
Only solution278,CWM_-_CopyFinal_copy-244.,nothing,p,_idIndexMarker455,CWM_-_CopyFinal_copy-244/#p5
Only way out579,CWM_-_CopyFinal_copy-616.,nothing,p,_idIndexMarker793,CWM_-_CopyFinal_copy-616/#p3
Organs146,CWM_-_CopyFinal_copy-142.,nothing,p,_idIndexMarker250,CWM_-_CopyFinal_copy-142/#p12
Original sin345,CWM_-_CopyFinal_copy-300.,nothing,p,_idIndexMarker543,CWM_-_CopyFinal_copy-300/#p3
Our yoga549,CWM_-_CopyFinal_copy-598.,nothing,p,_idIndexMarker769,CWM_-_CopyFinal_copy-598/#p8
Overmind gods256,CWM_-_CopyFinal_copy-227.,nothing,h2,_idIndexMarker422,CWM_-_CopyFinal_copy-227/#p1
Painting152,CWM_-_CopyFinal_copy-144.,nothing,p,_idIndexMarker268,CWM_-_CopyFinal_copy-144/#p2
Parents472,CWM_-_CopyFinal_copy-415.,nothing,p,_idIndexMarker681,CWM_-_CopyFinal_copy-415/#p1
"Passions244, 253",CWM_-_CopyFinal_copy-216.,nothing,h2,_idIndexMarker401,CWM_-_CopyFinal_copy-216/#p1
"Passions244, 253",CWM_-_CopyFinal_copy-224.,nothing,h2,_idIndexMarker418,CWM_-_CopyFinal_copy-224/#p1
Path538,CWM_-_CopyFinal_copy-583.,nothing,h2,_idIndexMarker759,CWM_-_CopyFinal_copy-583/#p1
Patience123,CWM_-_CopyFinal_copy-121.,nothing,h2,_idIndexMarker208,CWM_-_CopyFinal_copy-121/#p1
"Perfection, definition83",CWM_-_CopyFinal_copy-82.,nothing,h2,_idIndexMarker135,CWM_-_CopyFinal_copy-82/#p1
"Perfection, higher317",CWM_-_CopyFinal_copy-286.,nothing,p,_idIndexMarker510,CWM_-_CopyFinal_copy-286/#p1
"Perfection, lower317",CWM_-_CopyFinal_copy-286.,nothing,p,_idIndexMarker511,CWM_-_CopyFinal_copy-286/#p1
Perfect peace11,CWM_-_CopyFinal_copy-19.,nothing,p,_idIndexMarker003,CWM_-_CopyFinal_copy-19/#p2
"Perseverance517, 582",CWM_-_CopyFinal_copy-511.,nothing,h2,_idIndexMarker727,CWM_-_CopyFinal_copy-511/#p1
"Perseverance517, 582",CWM_-_CopyFinal_copy-623.,nothing,h2,_idIndexMarker796,CWM_-_CopyFinal_copy-623/#p1
"Personal effort334, 347",CWM_-_CopyFinal_copy-296.,nothing,p,_idIndexMarker533,CWM_-_CopyFinal_copy-296/#p7
"Personal effort334, 347",CWM_-_CopyFinal_copy-304.,nothing,p,_idIndexMarker549,CWM_-_CopyFinal_copy-304/#p2
Personal Will364,CWM_-_CopyFinal_copy-320.,nothing,h2,_idIndexMarker576,CWM_-_CopyFinal_copy-320/#p1
Pessimism431,CWM_-_CopyFinal_copy-374.,nothing,p,_idIndexMarker637,CWM_-_CopyFinal_copy-374/#p1
Physical and Psychic205,CWM_-_CopyFinal_copy-179.,nothing,h2,_idIndexMarker332,CWM_-_CopyFinal_copy-179/#p1
"Physical Existence, purpose315",CWM_-_CopyFinal_copy-283.,nothing,h2,_idIndexMarker504,CWM_-_CopyFinal_copy-283/#p1
"Physical, habits of225",CWM_-_CopyFinal_copy-197.,nothing,h2,_idIndexMarker365,CWM_-_CopyFinal_copy-197/#p1
"Pianist, hands184",CWM_-_CopyFinal_copy-165.,nothing,p,_idIndexMarker310,CWM_-_CopyFinal_copy-165/#p1
Planchette352,CWM_-_CopyFinal_copy-307.,nothing,h2,_idIndexMarker554,CWM_-_CopyFinal_copy-307/#p1
Poetry152,CWM_-_CopyFinal_copy-144.,nothing,p,_idIndexMarker267,CWM_-_CopyFinal_copy-144/#p2
Politics580,CWM_-_CopyFinal_copy-617.,nothing,p,_idIndexMarker794,CWM_-_CopyFinal_copy-617/#p1
Poor141,CWM_-_CopyFinal_copy-138.,nothing,p,_idIndexMarker241,CWM_-_CopyFinal_copy-138/#p1
Powerful levers284,CWM_-_CopyFinal_copy-252.,nothing,p,_idIndexMarker468,CWM_-_CopyFinal_copy-252/#p2
"Power of mental formation72, 95",CWM_-_CopyFinal_copy-71.,nothing,p,_idIndexMarker111,CWM_-_CopyFinal_copy-71/#p1
"Power of mental formation72, 95",CWM_-_CopyFinal_copy-92.,nothing,p,_idIndexMarker153,CWM_-_CopyFinal_copy-92/#p10
Powers286,CWM_-_CopyFinal_copy-257.,nothing,h2,_idIndexMarker472,CWM_-_CopyFinal_copy-257/#p1
Pralaya85,CWM_-_CopyFinal_copy-84.,nothing,p,_idIndexMarker138,CWM_-_CopyFinal_copy-84/#p7
Prāṇāyāma147,CWM_-_CopyFinal_copy-142.,nothing,p,_idIndexMarker252,CWM_-_CopyFinal_copy-142/#p41
"Prayer, power of160",CWM_-_CopyFinal_copy-151.,nothing,h2,_idIndexMarker281,CWM_-_CopyFinal_copy-151/#p1
Prayers539,CWM_-_CopyFinal_copy-586.,nothing,h2,_idIndexMarker760,CWM_-_CopyFinal_copy-586/#p1
"Prayer, unselfish160",CWM_-_CopyFinal_copy-151.,nothing,h2,_idIndexMarker280,CWM_-_CopyFinal_copy-151/#p1
Precious Stones234,CWM_-_CopyFinal_copy-206.,nothing,h2,_idIndexMarker388,CWM_-_CopyFinal_copy-206/#p1
Predetermined105,CWM_-_CopyFinal_copy-101.,nothing,p,_idIndexMarker170,CWM_-_CopyFinal_copy-101/#p3
Pre-existent106,CWM_-_CopyFinal_copy-101.,nothing,p,_idIndexMarker171,CWM_-_CopyFinal_copy-101/#p12
Preference314,CWM_-_CopyFinal_copy-281.,nothing,p,_idIndexMarker503,CWM_-_CopyFinal_copy-281/#p1
Pretence99,CWM_-_CopyFinal_copy-95.,nothing,p,_idIndexMarker162,CWM_-_CopyFinal_copy-95/#p1
Progress34,CWM_-_CopyFinal_copy-46.,nothing,p,_idIndexMarker036,CWM_-_CopyFinal_copy-46/#p1
Prudence518,CWM_-_CopyFinal_copy-515.,nothing,h2,_idIndexMarker731,CWM_-_CopyFinal_copy-515/#p1
"Psychic108, 205, 335, 438",CWM_-_CopyFinal_copy-102.,nothing,h2,_idIndexMarker178,CWM_-_CopyFinal_copy-102/#p1
"Psychic108, 205, 335, 438",CWM_-_CopyFinal_copy-179.,nothing,p,_idIndexMarker333,CWM_-_CopyFinal_copy-179/#p1
"Psychic108, 205, 335, 438",CWM_-_CopyFinal_copy-297.,nothing,p,_idIndexMarker536,CWM_-_CopyFinal_copy-297/#p3
"Psychic108, 205, 335, 438",CWM_-_CopyFinal_copy-381.,nothing,p,_idIndexMarker646,CWM_-_CopyFinal_copy-381/#p1
"Psychic Being210, 226, 255, 256, 584",CWM_-_CopyFinal_copy-183.,nothing,p,_idIndexMarker341,CWM_-_CopyFinal_copy-183/#p1
"Psychic Being210, 226, 255, 256, 584",CWM_-_CopyFinal_copy-198.,nothing,h2,_idIndexMarker369,CWM_-_CopyFinal_copy-198/#p1
"Psychic Being210, 226, 255, 256, 584",CWM_-_CopyFinal_copy-226.,nothing,h2,_idIndexMarker421,CWM_-_CopyFinal_copy-226/#p1
"Psychic Being210, 226, 255, 256, 584",CWM_-_CopyFinal_copy-228.,nothing,h2,_idIndexMarker424,CWM_-_CopyFinal_copy-228/#p1
"Psychic Being210, 226, 255, 256, 584",CWM_-_CopyFinal_copy-627.,nothing,h2,_idIndexMarker804,CWM_-_CopyFinal_copy-627/#p1
"Psychic Being, Awakening109",CWM_-_CopyFinal_copy-103.,nothing,h2,_idIndexMarker179,CWM_-_CopyFinal_copy-103/#p1
"Psychic Being, Fusion187",CWM_-_CopyFinal_copy-166.,nothing,h2,_idIndexMarker312,CWM_-_CopyFinal_copy-166/#p1
"Psychic being, leaving113",CWM_-_CopyFinal_copy-108.,nothing,p,_idIndexMarker185,CWM_-_CopyFinal_copy-108/#p2
"Psychic Being, two progress181",CWM_-_CopyFinal_copy-161.,nothing,h2,_idIndexMarker300,CWM_-_CopyFinal_copy-161/#p1
"Psychic, contact with162",CWM_-_CopyFinal_copy-154.,nothing,p,_idIndexMarker286,CWM_-_CopyFinal_copy-154/#p1
Psychic discipline438,CWM_-_CopyFinal_copy-381.,nothing,p,_idIndexMarker645,CWM_-_CopyFinal_copy-381/#p1
Psychic Education456,CWM_-_CopyFinal_copy-387.,nothing,h2,_idIndexMarker657,CWM_-_CopyFinal_copy-387/#p1
Psychic growth183,CWM_-_CopyFinal_copy-164.,nothing,p,_idIndexMarker306,CWM_-_CopyFinal_copy-164/#p1
Psychic presence316,CWM_-_CopyFinal_copy-283.,nothing,p,_idIndexMarker505,CWM_-_CopyFinal_copy-283/#p3
Psychic Presence in Children86,CWM_-_CopyFinal_copy-86.,nothing,h2,_idIndexMarker142,CWM_-_CopyFinal_copy-86/#p1
Psychic presence in Matter227,CWM_-_CopyFinal_copy-198.,nothing,p,_idIndexMarker370,CWM_-_CopyFinal_copy-198/#p7
"Psychological Virtues, five286",CWM_-_CopyFinal_copy-256.,nothing,h2,_idIndexMarker471,CWM_-_CopyFinal_copy-256/#p1
Pure ideas94,CWM_-_CopyFinal_copy-91.,nothing,p,_idIndexMarker150,CWM_-_CopyFinal_copy-91/#p3
Purity516,CWM_-_CopyFinal_copy-506.,nothing,p,_idIndexMarker724,CWM_-_CopyFinal_copy-506/#p1
Radha530,CWM_-_CopyFinal_copy-550.,nothing,p,_idIndexMarker748,CWM_-_CopyFinal_copy-550/#p1
Radha’s Prayer539,CWM_-_CopyFinal_copy-587.,nothing,h2,_idIndexMarker761,CWM_-_CopyFinal_copy-587/#p1
Rajayoga35,CWM_-_CopyFinal_copy-46.,nothing,p,_idIndexMarker038,CWM_-_CopyFinal_copy-46/#p6
Rapture393,CWM_-_CopyFinal_copy-343.,nothing,p,_idIndexMarker608,CWM_-_CopyFinal_copy-343/#p3
"Reason259, 360",CWM_-_CopyFinal_copy-229.,nothing,h2,_idIndexMarker427,CWM_-_CopyFinal_copy-229/#p1
"Reason259, 360",CWM_-_CopyFinal_copy-315.,nothing,p,_idIndexMarker567,CWM_-_CopyFinal_copy-315/#p3
"Reason, helper307",CWM_-_CopyFinal_copy-278.,nothing,p,_idIndexMarker497,CWM_-_CopyFinal_copy-278/#p4
"Reason, Importance of308",CWM_-_CopyFinal_copy-279.,nothing,h2,_idIndexMarker499,CWM_-_CopyFinal_copy-279/#p1
"Reason, master of house320",CWM_-_CopyFinal_copy-287.,nothing,h2,_idIndexMarker512,CWM_-_CopyFinal_copy-287/#p1
"Reason, Necessity of290",CWM_-_CopyFinal_copy-263.,nothing,h2,_idIndexMarker478,CWM_-_CopyFinal_copy-263/#p1
Reason trembles358,CWM_-_CopyFinal_copy-313.,nothing,p,_idIndexMarker562,CWM_-_CopyFinal_copy-313/#p1
"Rebirth181, 334",CWM_-_CopyFinal_copy-161.,nothing,p,_idIndexMarker302,CWM_-_CopyFinal_copy-161/#p2
"Rebirth181, 334",CWM_-_CopyFinal_copy-297.,nothing,h2,_idIndexMarker534,CWM_-_CopyFinal_copy-297/#p1
Receptivity221,CWM_-_CopyFinal_copy-191.,nothing,h2,_idIndexMarker355,CWM_-_CopyFinal_copy-191/#p1
Refinement of Senses253,CWM_-_CopyFinal_copy-224.,nothing,h2,_idIndexMarker414,CWM_-_CopyFinal_copy-224/#p1
"Rejection, integral138",CWM_-_CopyFinal_copy-134.,nothing,h2,_idIndexMarker235,CWM_-_CopyFinal_copy-134/#p1
"Religion53, 531",CWM_-_CopyFinal_copy-57.,nothing,h2,_idIndexMarker067,CWM_-_CopyFinal_copy-57/#p1
"Religion53, 531",CWM_-_CopyFinal_copy-556.,nothing,h2,_idIndexMarker751,CWM_-_CopyFinal_copy-556/#p1
Religious Monuments230,CWM_-_CopyFinal_copy-202.,nothing,h2,_idIndexMarker376,CWM_-_CopyFinal_copy-202/#p1
Remembering through consciousness206,CWM_-_CopyFinal_copy-181.,nothing,h2,_idIndexMarker335,CWM_-_CopyFinal_copy-181/#p1
Remembrances30,CWM_-_CopyFinal_copy-39.,nothing,h2,_idIndexMarker026,CWM_-_CopyFinal_copy-39/#p1
"Renunciation64, 392",CWM_-_CopyFinal_copy-67.,nothing,h2,_idIndexMarker094,CWM_-_CopyFinal_copy-67/#p1
"Renunciation64, 392",CWM_-_CopyFinal_copy-342.,nothing,p,_idIndexMarker607,CWM_-_CopyFinal_copy-342/#p1
Repression95,CWM_-_CopyFinal_copy-92.,nothing,p,_idIndexMarker155,CWM_-_CopyFinal_copy-92/#p10
Resolution64,CWM_-_CopyFinal_copy-66.,nothing,p,_idIndexMarker093,CWM_-_CopyFinal_copy-66/#p1
"Respiration, movement behind147",CWM_-_CopyFinal_copy-142.,nothing,p,_idIndexMarker251,CWM_-_CopyFinal_copy-142/#p41
Revelation394,CWM_-_CopyFinal_copy-344.,nothing,p,_idIndexMarker609,CWM_-_CopyFinal_copy-344/#p1
Revolt376,CWM_-_CopyFinal_copy-330.,nothing,p,_idIndexMarker596,CWM_-_CopyFinal_copy-330/#p7
"Reward, punishment183",CWM_-_CopyFinal_copy-164.,nothing,p,_idIndexMarker308,CWM_-_CopyFinal_copy-164/#p1
Right Attitude70,CWM_-_CopyFinal_copy-70.,nothing,h2,_idIndexMarker106,CWM_-_CopyFinal_copy-70/#p1
Road to Supermanhood29,CWM_-_CopyFinal_copy-36.,nothing,h2,_idIndexMarker023,CWM_-_CopyFinal_copy-36/#p1
Sachchidananda97,CWM_-_CopyFinal_copy-93.,nothing,p,_idIndexMarker158,CWM_-_CopyFinal_copy-93/#p2
"Sacrifice, common idea60",CWM_-_CopyFinal_copy-63.,nothing,p,_idIndexMarker080,CWM_-_CopyFinal_copy-63/#p1
Sacrifice of the Divine122,CWM_-_CopyFinal_copy-119.,nothing,p,_idIndexMarker206,CWM_-_CopyFinal_copy-119/#p1
Samadhi295,CWM_-_CopyFinal_copy-268.,nothing,h2,_idIndexMarker483,CWM_-_CopyFinal_copy-268/#p1
Samurai27,CWM_-_CopyFinal_copy-35.,nothing,p,_idIndexMarker022,CWM_-_CopyFinal_copy-35/#p1
Samyam183,CWM_-_CopyFinal_copy-163.,nothing,p,_idIndexMarker305,CWM_-_CopyFinal_copy-163/#p2
Sanskrit471,CWM_-_CopyFinal_copy-407.,nothing,p,_idIndexMarker674,CWM_-_CopyFinal_copy-407/#p5
Sat106,CWM_-_CopyFinal_copy-101.,nothing,p,_idIndexMarker172,CWM_-_CopyFinal_copy-101/#p12
Sattwic Ego131,CWM_-_CopyFinal_copy-127.,nothing,h2,_idIndexMarker225,CWM_-_CopyFinal_copy-127/#p1
Save India500,CWM_-_CopyFinal_copy-454.,nothing,h2,_idIndexMarker706,CWM_-_CopyFinal_copy-454/#p1
"Scepticism359, 363",CWM_-_CopyFinal_copy-314.,nothing,p,_idIndexMarker565,CWM_-_CopyFinal_copy-314/#p1
"Scepticism359, 363",CWM_-_CopyFinal_copy-318.,nothing,p,_idIndexMarker570,CWM_-_CopyFinal_copy-318/#p3
"Science75, 148, 433",CWM_-_CopyFinal_copy-74.,nothing,p,_idIndexMarker116,CWM_-_CopyFinal_copy-74/#p1
"Science75, 148, 433",CWM_-_CopyFinal_copy-142.,nothing,p,_idIndexMarker258,CWM_-_CopyFinal_copy-142/#p24
"Science75, 148, 433",CWM_-_CopyFinal_copy-377.,nothing,p,_idIndexMarker641,CWM_-_CopyFinal_copy-377/#p7
"Scientist, Knowledge of75",CWM_-_CopyFinal_copy-74.,nothing,h2,_idIndexMarker114,CWM_-_CopyFinal_copy-74/#p1
Self-consecration19,CWM_-_CopyFinal_copy-25.,nothing,p,_idIndexMarker009,CWM_-_CopyFinal_copy-25/#p27
Self-Control285,CWM_-_CopyFinal_copy-254.,nothing,h2,_idIndexMarker469,CWM_-_CopyFinal_copy-254/#p1
Self-discipline44,CWM_-_CopyFinal_copy-53.,nothing,p,_idIndexMarker053,CWM_-_CopyFinal_copy-53/#p3
Self-forgetfulness50,CWM_-_CopyFinal_copy-56.,nothing,p,_idIndexMarker063,CWM_-_CopyFinal_copy-56/#p4
Self-giving512,CWM_-_CopyFinal_copy-487.,nothing,p,_idIndexMarker717,CWM_-_CopyFinal_copy-487/#p1
Self-giving to Divine264,CWM_-_CopyFinal_copy-233.,nothing,h2,_idIndexMarker433,CWM_-_CopyFinal_copy-233/#p1
Self-mastery44,CWM_-_CopyFinal_copy-53.,nothing,p,_idIndexMarker054,CWM_-_CopyFinal_copy-53/#p3
Self-offering62,CWM_-_CopyFinal_copy-66.,nothing,h2,_idIndexMarker089,CWM_-_CopyFinal_copy-66/#p1
"Self-Satisfaction, movement of142",CWM_-_CopyFinal_copy-140.,nothing,h2,_idIndexMarker244,CWM_-_CopyFinal_copy-140/#p1
"Senses, refinement253",CWM_-_CopyFinal_copy-224.,nothing,h2,_idIndexMarker415,CWM_-_CopyFinal_copy-224/#p1
Sensitivity249,CWM_-_CopyFinal_copy-220.,nothing,p,_idIndexMarker405,CWM_-_CopyFinal_copy-220/#p3
Separation270,CWM_-_CopyFinal_copy-236.,nothing,p,_idIndexMarker439,CWM_-_CopyFinal_copy-236/#p1
Servants495,CWM_-_CopyFinal_copy-447.,nothing,h2,_idIndexMarker701,CWM_-_CopyFinal_copy-447/#p1
Service513,CWM_-_CopyFinal_copy-490.,nothing,p,_idIndexMarker718,CWM_-_CopyFinal_copy-490/#p3
"Shankara76, 130",CWM_-_CopyFinal_copy-74.,nothing,p,_idIndexMarker118,CWM_-_CopyFinal_copy-74/#p3
"Shankara76, 130",CWM_-_CopyFinal_copy-125.,nothing,p,_idIndexMarker221,CWM_-_CopyFinal_copy-125/#p1
"Sin376, 556",CWM_-_CopyFinal_copy-330.,nothing,p,_idIndexMarker594,CWM_-_CopyFinal_copy-330/#p5
"Sin376, 556",CWM_-_CopyFinal_copy-603.,nothing,p,_idIndexMarker778,CWM_-_CopyFinal_copy-603/#p3
Sincere Aspiration228,CWM_-_CopyFinal_copy-200.,nothing,h2,_idIndexMarker372,CWM_-_CopyFinal_copy-200/#p1
"Sincere, perfectly98",CWM_-_CopyFinal_copy-94.,nothing,p,_idIndexMarker161,CWM_-_CopyFinal_copy-94/#p1
"Sincerity83, 124, 221, 264, 287, 509, 569",CWM_-_CopyFinal_copy-83.,nothing,h2,_idIndexMarker136,CWM_-_CopyFinal_copy-83/#p1
"Sincerity83, 124, 221, 264, 287, 509, 569",CWM_-_CopyFinal_copy-121.,nothing,p,_idIndexMarker210,CWM_-_CopyFinal_copy-121/#p1
"Sincerity83, 124, 221, 264, 287, 509, 569",CWM_-_CopyFinal_copy-191.,nothing,p,_idIndexMarker356,CWM_-_CopyFinal_copy-191/#p1
"Sincerity83, 124, 221, 264, 287, 509, 569",CWM_-_CopyFinal_copy-233.,nothing,h2,_idIndexMarker432,CWM_-_CopyFinal_copy-233/#p1
"Sincerity83, 124, 221, 264, 287, 509, 569",CWM_-_CopyFinal_copy-257.,nothing,p,_idIndexMarker473,CWM_-_CopyFinal_copy-257/#p5
"Sincerity83, 124, 221, 264, 287, 509, 569",CWM_-_CopyFinal_copy-482.,nothing,p,_idIndexMarker713,CWM_-_CopyFinal_copy-482/#p1
"Sincerity83, 124, 221, 264, 287, 509, 569",CWM_-_CopyFinal_copy-609.,nothing,p,_idIndexMarker785,CWM_-_CopyFinal_copy-609/#p6
"Sincerity, test for136",CWM_-_CopyFinal_copy-132.,nothing,p,_idIndexMarker230,CWM_-_CopyFinal_copy-132/#p1
"Sincerity, true82",CWM_-_CopyFinal_copy-81.,nothing,h2,_idIndexMarker134,CWM_-_CopyFinal_copy-81/#p1
Sinner234,CWM_-_CopyFinal_copy-205.,nothing,h2,_idIndexMarker387,CWM_-_CopyFinal_copy-205/#p1
"Sinner, hating the374",CWM_-_CopyFinal_copy-330.,nothing,p,_idIndexMarker593,CWM_-_CopyFinal_copy-330/#p1
"Sleep94, 179",CWM_-_CopyFinal_copy-92.,nothing,h2,_idIndexMarker152,CWM_-_CopyFinal_copy-92/#p1
"Sleep94, 179",CWM_-_CopyFinal_copy-160.,nothing,p,_idIndexMarker298,CWM_-_CopyFinal_copy-160/#p5
Sleep and dream97,CWM_-_CopyFinal_copy-93.,nothing,p,_idIndexMarker157,CWM_-_CopyFinal_copy-93/#p2
Sleepless33,CWM_-_CopyFinal_copy-42.,nothing,p,_idIndexMarker032,CWM_-_CopyFinal_copy-42/#p1
"Sleep, necessity536",CWM_-_CopyFinal_copy-573.,nothing,h2,_idIndexMarker755,CWM_-_CopyFinal_copy-573/#p1
"Sleep, real reason254, 570",CWM_-_CopyFinal_copy-225.,nothing,h2,_idIndexMarker419,CWM_-_CopyFinal_copy-225/#p1
"Sleep, real reason254, 570",CWM_-_CopyFinal_copy-610.,nothing,p,_idIndexMarker787,CWM_-_CopyFinal_copy-610/#p5
"Sleep, way to135, 570",CWM_-_CopyFinal_copy-131.,nothing,h2,_idIndexMarker228,CWM_-_CopyFinal_copy-131/#p1
"Sleep, way to135, 570",CWM_-_CopyFinal_copy-610.,nothing,h2,_idIndexMarker786,CWM_-_CopyFinal_copy-610/#p1
Smile518,CWM_-_CopyFinal_copy-518.,nothing,h2,_idIndexMarker732,CWM_-_CopyFinal_copy-518/#p1
Solar plexus152,CWM_-_CopyFinal_copy-144.,nothing,p,_idIndexMarker270,CWM_-_CopyFinal_copy-144/#p2
Solidarity of Human Race195,CWM_-_CopyFinal_copy-173.,nothing,h2,_idIndexMarker327,CWM_-_CopyFinal_copy-173/#p1
"Soul357, 584",CWM_-_CopyFinal_copy-311.,nothing,p,_idIndexMarker558,CWM_-_CopyFinal_copy-311/#p1
"Soul357, 584",CWM_-_CopyFinal_copy-627.,nothing,h2,_idIndexMarker802,CWM_-_CopyFinal_copy-627/#p1
Soul and Psychic584,CWM_-_CopyFinal_copy-627.,nothing,h2,_idIndexMarker803,CWM_-_CopyFinal_copy-627/#p1
Sound281,CWM_-_CopyFinal_copy-248.,nothing,p,_idIndexMarker460,CWM_-_CopyFinal_copy-248/#p1
Sovereign royalty11,CWM_-_CopyFinal_copy-18.,nothing,p,_idIndexMarker001,CWM_-_CopyFinal_copy-18/#p1
Special mission102,CWM_-_CopyFinal_copy-98.,nothing,p,_idIndexMarker166,CWM_-_CopyFinal_copy-98/#p2
"Speech, Control of520",CWM_-_CopyFinal_copy-524.,nothing,h2,_idIndexMarker738,CWM_-_CopyFinal_copy-524/#p1
"Spider, vital231",CWM_-_CopyFinal_copy-202.,nothing,p,_idIndexMarker378,CWM_-_CopyFinal_copy-202/#p1
Spirit357,CWM_-_CopyFinal_copy-311.,nothing,p,_idIndexMarker559,CWM_-_CopyFinal_copy-311/#p1
Spirit of Death158,CWM_-_CopyFinal_copy-149.,nothing,h2,_idIndexMarker278,CWM_-_CopyFinal_copy-149/#p1
Spirits of Fire158,CWM_-_CopyFinal_copy-149.,nothing,h2,_idIndexMarker277,CWM_-_CopyFinal_copy-149/#p1
Spiritual and Psychic108,CWM_-_CopyFinal_copy-102.,nothing,h2,_idIndexMarker177,CWM_-_CopyFinal_copy-102/#p1
Spiritual ego586,CWM_-_CopyFinal_copy-631.,nothing,p,_idIndexMarker807,CWM_-_CopyFinal_copy-631/#p1
"Spirituality, true501",CWM_-_CopyFinal_copy-457.,nothing,h2,_idIndexMarker707,CWM_-_CopyFinal_copy-457/#p1
"Spiritual Life219, 503, 563",CWM_-_CopyFinal_copy-189.,nothing,p,_idIndexMarker352,CWM_-_CopyFinal_copy-189/#p3
"Spiritual Life219, 503, 563",CWM_-_CopyFinal_copy-465.,nothing,p,_idIndexMarker709,CWM_-_CopyFinal_copy-465/#p17
"Spiritual Life219, 503, 563",CWM_-_CopyFinal_copy-606.,nothing,p,_idIndexMarker783,CWM_-_CopyFinal_copy-606/#p9
"Spiritual Perception321, 328",CWM_-_CopyFinal_copy-289.,nothing,h2,_idIndexMarker514,CWM_-_CopyFinal_copy-289/#p1
"Spiritual Perception321, 328",CWM_-_CopyFinal_copy-293.,nothing,h2,_idIndexMarker521,CWM_-_CopyFinal_copy-293/#p1
Spiritual Realisation203,CWM_-_CopyFinal_copy-178.,nothing,h2,_idIndexMarker331,CWM_-_CopyFinal_copy-178/#p1
Spiritual Rebirth77,CWM_-_CopyFinal_copy-76.,nothing,h2,_idIndexMarker124,CWM_-_CopyFinal_copy-76/#p1
"Sri Aurobindo467, 470, 474, 475, 489",CWM_-_CopyFinal_copy-393.,nothing,p,_idIndexMarker669,CWM_-_CopyFinal_copy-393/#p2
"Sri Aurobindo467, 470, 474, 475, 489",CWM_-_CopyFinal_copy-406.,nothing,p,_idIndexMarker673,CWM_-_CopyFinal_copy-406/#p2
"Sri Aurobindo467, 470, 474, 475, 489",CWM_-_CopyFinal_copy-416.,nothing,p,_idIndexMarker682,CWM_-_CopyFinal_copy-416/#p1
"Sri Aurobindo467, 470, 474, 475, 489",CWM_-_CopyFinal_copy-418.,nothing,p,_idIndexMarker684,CWM_-_CopyFinal_copy-418/#p3
"Sri Aurobindo467, 470, 474, 475, 489",CWM_-_CopyFinal_copy-434.,nothing,p,_idIndexMarker690,CWM_-_CopyFinal_copy-434/#p1
Sri Aurobindo Ashram487,CWM_-_CopyFinal_copy-433.,nothing,h2,_idIndexMarker689,CWM_-_CopyFinal_copy-433/#p1
"Sri Aurobindo, Aura121",CWM_-_CopyFinal_copy-118.,nothing,h2,_idIndexMarker203,CWM_-_CopyFinal_copy-118/#p1
Sri Aurobindo’s Books289,CWM_-_CopyFinal_copy-259.,nothing,h2,_idIndexMarker475,CWM_-_CopyFinal_copy-259/#p1
Sri Aurobindo’s Yoga264,CWM_-_CopyFinal_copy-234.,nothing,h2,_idIndexMarker434,CWM_-_CopyFinal_copy-234/#p1
Stepping Back74,CWM_-_CopyFinal_copy-73.,nothing,h2,_idIndexMarker113,CWM_-_CopyFinal_copy-73/#p1
Stone Throwing211,CWM_-_CopyFinal_copy-184.,nothing,h2,_idIndexMarker342,CWM_-_CopyFinal_copy-184/#p1
Strong Nerves34,CWM_-_CopyFinal_copy-45.,nothing,h2,_idIndexMarker033,CWM_-_CopyFinal_copy-45/#p1
Studying for Divine Work223,CWM_-_CopyFinal_copy-195.,nothing,h2,_idIndexMarker360,CWM_-_CopyFinal_copy-195/#p1
"Subtle world, thieves of582",CWM_-_CopyFinal_copy-621.,nothing,p,_idIndexMarker795,CWM_-_CopyFinal_copy-621/#p1
Success238,CWM_-_CopyFinal_copy-210.,nothing,h2,_idIndexMarker393,CWM_-_CopyFinal_copy-210/#p1
"Suffering15, 124, 412, 463",CWM_-_CopyFinal_copy-24.,nothing,p,_idIndexMarker006,CWM_-_CopyFinal_copy-24/#p1
"Suffering15, 124, 412, 463",CWM_-_CopyFinal_copy-122.,nothing,h2,_idIndexMarker211,CWM_-_CopyFinal_copy-122/#p1
"Suffering15, 124, 412, 463",CWM_-_CopyFinal_copy-363.,nothing,p,_idIndexMarker630,CWM_-_CopyFinal_copy-363/#p1
"Suffering15, 124, 412, 463",CWM_-_CopyFinal_copy-388.,nothing,p,_idIndexMarker660,CWM_-_CopyFinal_copy-388/#p7
"Suffering, causes of553",CWM_-_CopyFinal_copy-600.,nothing,p,_idIndexMarker773,CWM_-_CopyFinal_copy-600/#p1
"Suffering, human223",CWM_-_CopyFinal_copy-194.,nothing,h2,_idIndexMarker359,CWM_-_CopyFinal_copy-194/#p1
"Suffering, vital joy217",CWM_-_CopyFinal_copy-187.,nothing,h2,_idIndexMarker348,CWM_-_CopyFinal_copy-187/#p1
"Suicide249, 576",CWM_-_CopyFinal_copy-221.,nothing,h2,_idIndexMarker406,CWM_-_CopyFinal_copy-221/#p1
"Suicide249, 576",CWM_-_CopyFinal_copy-614.,nothing,p,_idIndexMarker791,CWM_-_CopyFinal_copy-614/#p8
Superstition162,CWM_-_CopyFinal_copy-153.,nothing,h2,_idIndexMarker284,CWM_-_CopyFinal_copy-153/#p1
"Suppression96, 453",CWM_-_CopyFinal_copy-92.,nothing,p,_idIndexMarker156,CWM_-_CopyFinal_copy-92/#p10
"Suppression96, 453",CWM_-_CopyFinal_copy-385.,nothing,p,_idIndexMarker655,CWM_-_CopyFinal_copy-385/#p13
"Supramental344, 417",CWM_-_CopyFinal_copy-300.,nothing,h2,_idIndexMarker540,CWM_-_CopyFinal_copy-300/#p1
"Supramental344, 417",CWM_-_CopyFinal_copy-365.,nothing,p,_idIndexMarker634,CWM_-_CopyFinal_copy-365/#p17
"Supramental body, attributes78, 148",CWM_-_CopyFinal_copy-76.,nothing,p,_idIndexMarker126,CWM_-_CopyFinal_copy-76/#p2
"Supramental body, attributes78, 148",CWM_-_CopyFinal_copy-142.,nothing,p,_idIndexMarker257,CWM_-_CopyFinal_copy-142/#p17
Supramental Manifestation534,CWM_-_CopyFinal_copy-567.,nothing,h2,_idIndexMarker753,CWM_-_CopyFinal_copy-567/#p1
Supramental Plasticity77,CWM_-_CopyFinal_copy-76.,nothing,h2,_idIndexMarker123,CWM_-_CopyFinal_copy-76/#p1
Supreme Charity27,CWM_-_CopyFinal_copy-34.,nothing,h2,_idIndexMarker020,CWM_-_CopyFinal_copy-34/#p1
Supreme Discovery16,CWM_-_CopyFinal_copy-25.,nothing,h2,_idIndexMarker007,CWM_-_CopyFinal_copy-25/#p1
Supreme goodwill228,CWM_-_CopyFinal_copy-200.,nothing,p,_idIndexMarker373,CWM_-_CopyFinal_copy-200/#p1
"Surrender62, 271, 513",CWM_-_CopyFinal_copy-66.,nothing,h2,_idIndexMarker088,CWM_-_CopyFinal_copy-66/#p1
"Surrender62, 271, 513",CWM_-_CopyFinal_copy-238.,nothing,p,_idIndexMarker445,CWM_-_CopyFinal_copy-238/#p1
"Surrender62, 271, 513",CWM_-_CopyFinal_copy-491.,nothing,p,_idIndexMarker719,CWM_-_CopyFinal_copy-491/#p1
Symbols533,CWM_-_CopyFinal_copy-562.,nothing,h2,_idIndexMarker752,CWM_-_CopyFinal_copy-562/#p1
"Tamas139, 571",CWM_-_CopyFinal_copy-135.,nothing,h2,_idIndexMarker237,CWM_-_CopyFinal_copy-135/#p1
"Tamas139, 571",CWM_-_CopyFinal_copy-610.,nothing,p,_idIndexMarker788,CWM_-_CopyFinal_copy-610/#p6
Tantra323,CWM_-_CopyFinal_copy-291.,nothing,p,_idIndexMarker517,CWM_-_CopyFinal_copy-291/#p1
Tapasya508,CWM_-_CopyFinal_copy-479.,nothing,p,_idIndexMarker712,CWM_-_CopyFinal_copy-479/#p1
Tat106,CWM_-_CopyFinal_copy-101.,nothing,p,_idIndexMarker173,CWM_-_CopyFinal_copy-101/#p12
"Teacher, Quality of303",CWM_-_CopyFinal_copy-276.,nothing,h2,_idIndexMarker493,CWM_-_CopyFinal_copy-276/#p1
Teaching3,CWM_-_CopyFinal_copy-7.,nothing,p,_idIndexMarker000,CWM_-_CopyFinal_copy-7/#p1
Tempting God283,CWM_-_CopyFinal_copy-250.,nothing,p,_idIndexMarker463,CWM_-_CopyFinal_copy-250/#p1
Terrestrial Memory100,CWM_-_CopyFinal_copy-97.,nothing,h2,_idIndexMarker163,CWM_-_CopyFinal_copy-97/#p1
Thanksgiving271,CWM_-_CopyFinal_copy-237.,nothing,p,_idIndexMarker443,CWM_-_CopyFinal_copy-237/#p1
"Thought, Formation of303",CWM_-_CopyFinal_copy-275.,nothing,h2,_idIndexMarker490,CWM_-_CopyFinal_copy-275/#p1
"Thought, ill-controlled79",CWM_-_CopyFinal_copy-77.,nothing,p,_idIndexMarker129,CWM_-_CopyFinal_copy-77/#p1
"Thought, misdirected25",CWM_-_CopyFinal_copy-31.,nothing,p,_idIndexMarker016,CWM_-_CopyFinal_copy-31/#p1
Thoughts43,CWM_-_CopyFinal_copy-53.,nothing,p,_idIndexMarker052,CWM_-_CopyFinal_copy-53/#p2
Three Victories283,CWM_-_CopyFinal_copy-251.,nothing,h2,_idIndexMarker464,CWM_-_CopyFinal_copy-251/#p1
Time107,CWM_-_CopyFinal_copy-101.,nothing,p,_idIndexMarker175,CWM_-_CopyFinal_copy-101/#p6
Tobacco217,CWM_-_CopyFinal_copy-188.,nothing,h2,_idIndexMarker349,CWM_-_CopyFinal_copy-188/#p1
Tombs of Egypt117,CWM_-_CopyFinal_copy-113.,nothing,p,_idIndexMarker192,CWM_-_CopyFinal_copy-113/#p1
Torture363,CWM_-_CopyFinal_copy-319.,nothing,h2,_idIndexMarker573,CWM_-_CopyFinal_copy-319/#p1
Trance295,CWM_-_CopyFinal_copy-268.,nothing,h2,_idIndexMarker484,CWM_-_CopyFinal_copy-268/#p1
"Transformation145, 283, 413, 547",CWM_-_CopyFinal_copy-142.,nothing,p,_idIndexMarker249,CWM_-_CopyFinal_copy-142/#p12
"Transformation145, 283, 413, 547",CWM_-_CopyFinal_copy-251.,nothing,p,_idIndexMarker466,CWM_-_CopyFinal_copy-251/#p4
"Transformation145, 283, 413, 547",CWM_-_CopyFinal_copy-364.,nothing,p,_idIndexMarker632,CWM_-_CopyFinal_copy-364/#p1
"Transformation145, 283, 413, 547",CWM_-_CopyFinal_copy-598.,nothing,p,_idIndexMarker767,CWM_-_CopyFinal_copy-598/#p1
Transforming character128,CWM_-_CopyFinal_copy-123.,nothing,p,_idIndexMarker217,CWM_-_CopyFinal_copy-123/#p5
"True Attitude46, 316, 363",CWM_-_CopyFinal_copy-53.,nothing,p,_idIndexMarker056,CWM_-_CopyFinal_copy-53/#p3
"True Attitude46, 316, 363",CWM_-_CopyFinal_copy-284.,nothing,h2,_idIndexMarker506,CWM_-_CopyFinal_copy-284/#p1
"True Attitude46, 316, 363",CWM_-_CopyFinal_copy-318.,nothing,p,_idIndexMarker569,CWM_-_CopyFinal_copy-318/#p1
True guide85,CWM_-_CopyFinal_copy-85.,nothing,p,_idIndexMarker141,CWM_-_CopyFinal_copy-85/#p4
True leader494,CWM_-_CopyFinal_copy-445.,nothing,p,_idIndexMarker699,CWM_-_CopyFinal_copy-445/#p6
True Motive260,CWM_-_CopyFinal_copy-230.,nothing,h2,_idIndexMarker428,CWM_-_CopyFinal_copy-230/#p1
True Reason for Living205,CWM_-_CopyFinal_copy-180.,nothing,h2,_idIndexMarker334,CWM_-_CopyFinal_copy-180/#p1
True relaxation104,CWM_-_CopyFinal_copy-100.,nothing,p,_idIndexMarker167,CWM_-_CopyFinal_copy-100/#p1
True repose317,CWM_-_CopyFinal_copy-284.,nothing,p,_idIndexMarker508,CWM_-_CopyFinal_copy-284/#p4
True Self255,CWM_-_CopyFinal_copy-226.,nothing,h2,_idIndexMarker420,CWM_-_CopyFinal_copy-226/#p1
True Surrender60,CWM_-_CopyFinal_copy-63.,nothing,h2,_idIndexMarker079,CWM_-_CopyFinal_copy-63/#p1
True vital movement52,CWM_-_CopyFinal_copy-56.,nothing,p,_idIndexMarker065,CWM_-_CopyFinal_copy-56/#p7
Trust192,CWM_-_CopyFinal_copy-170.,nothing,p,_idIndexMarker320,CWM_-_CopyFinal_copy-170/#p1
"Trust, absolute193",CWM_-_CopyFinal_copy-170.,nothing,p,_idIndexMarker322,CWM_-_CopyFinal_copy-170/#p2
Trust in life192,CWM_-_CopyFinal_copy-170.,nothing,p,_idIndexMarker321,CWM_-_CopyFinal_copy-170/#p1
"Truth519, 540, 577",CWM_-_CopyFinal_copy-523.,nothing,h2,_idIndexMarker737,CWM_-_CopyFinal_copy-523/#p1
"Truth519, 540, 577",CWM_-_CopyFinal_copy-595.,nothing,h2,_idIndexMarker762,CWM_-_CopyFinal_copy-595/#p1
"Truth519, 540, 577",CWM_-_CopyFinal_copy-615.,nothing,p,_idIndexMarker792,CWM_-_CopyFinal_copy-615/#p1
"Truth, four attributes441",CWM_-_CopyFinal_copy-381.,nothing,p,_idIndexMarker650,CWM_-_CopyFinal_copy-381/#p9
Turning-point317,CWM_-_CopyFinal_copy-285.,nothing,p,_idIndexMarker509,CWM_-_CopyFinal_copy-285/#p1
Unconsciousness33,CWM_-_CopyFinal_copy-42.,nothing,p,_idIndexMarker031,CWM_-_CopyFinal_copy-42/#p1
"Uneasiness, feeling of85",CWM_-_CopyFinal_copy-85.,nothing,p,_idIndexMarker139,CWM_-_CopyFinal_copy-85/#p1
Unhappiness is Insincerity234,CWM_-_CopyFinal_copy-204.,nothing,h2,_idIndexMarker385,CWM_-_CopyFinal_copy-204/#p1
"Union36, 144",CWM_-_CopyFinal_copy-47.,nothing,p,_idIndexMarker041,CWM_-_CopyFinal_copy-47/#p1
"Union36, 144",CWM_-_CopyFinal_copy-142.,nothing,h2,_idIndexMarker247,CWM_-_CopyFinal_copy-142/#p1
Unity and Diversity130,CWM_-_CopyFinal_copy-125.,nothing,h2,_idIndexMarker220,CWM_-_CopyFinal_copy-125/#p1
Universe303,CWM_-_CopyFinal_copy-275.,nothing,p,_idIndexMarker492,CWM_-_CopyFinal_copy-275/#p2
"Universe, reason345",CWM_-_CopyFinal_copy-302.,nothing,h2,_idIndexMarker544,CWM_-_CopyFinal_copy-302/#p1
Vain chimera464,CWM_-_CopyFinal_copy-389.,nothing,p,_idIndexMarker663,CWM_-_CopyFinal_copy-389/#p1
Value of creation152,CWM_-_CopyFinal_copy-144.,nothing,p,_idIndexMarker269,CWM_-_CopyFinal_copy-144/#p2
Vampires40,CWM_-_CopyFinal_copy-51.,nothing,h2,_idIndexMarker047,CWM_-_CopyFinal_copy-51/#p1
Vedic Rishis282,CWM_-_CopyFinal_copy-249.,nothing,h2,_idIndexMarker461,CWM_-_CopyFinal_copy-249/#p1
Violence61,CWM_-_CopyFinal_copy-64.,nothing,p,_idIndexMarker085,CWM_-_CopyFinal_copy-64/#p1
Virtue387,CWM_-_CopyFinal_copy-339.,nothing,p,_idIndexMarker604,CWM_-_CopyFinal_copy-339/#p2
Virtues14,CWM_-_CopyFinal_copy-23.,nothing,h2,_idIndexMarker004,CWM_-_CopyFinal_copy-23/#p1
"Vision, mental266",CWM_-_CopyFinal_copy-235.,nothing,h2,_idIndexMarker435,CWM_-_CopyFinal_copy-235/#p1
Visions241,CWM_-_CopyFinal_copy-214.,nothing,p,_idIndexMarker399,CWM_-_CopyFinal_copy-214/#p4
"Visitors, Reception of494",CWM_-_CopyFinal_copy-446.,nothing,h2,_idIndexMarker700,CWM_-_CopyFinal_copy-446/#p1
"Vital Being after Death114, 119",CWM_-_CopyFinal_copy-110.,nothing,h2,_idIndexMarker187,CWM_-_CopyFinal_copy-110/#p1
"Vital Being after Death114, 119",CWM_-_CopyFinal_copy-116.,nothing,h2,_idIndexMarker198,CWM_-_CopyFinal_copy-116/#p1
"Vital Being, Converted65",CWM_-_CopyFinal_copy-68.,nothing,h2,_idIndexMarker095,CWM_-_CopyFinal_copy-68/#p1
"Vital beings40, 233",CWM_-_CopyFinal_copy-51.,nothing,h2,_idIndexMarker048,CWM_-_CopyFinal_copy-51/#p1
"Vital beings40, 233",CWM_-_CopyFinal_copy-202.,nothing,p,_idIndexMarker381,CWM_-_CopyFinal_copy-202/#p4
Vital body97,CWM_-_CopyFinal_copy-93.,nothing,p,_idIndexMarker159,CWM_-_CopyFinal_copy-93/#p4
"Vital, discipline of440",CWM_-_CopyFinal_copy-381.,nothing,p,_idIndexMarker649,CWM_-_CopyFinal_copy-381/#p6
"Vital, kick your66",CWM_-_CopyFinal_copy-68.,nothing,p,_idIndexMarker097,CWM_-_CopyFinal_copy-68/#p2
Vital nightmare117,CWM_-_CopyFinal_copy-112.,nothing,p,_idIndexMarker190,CWM_-_CopyFinal_copy-112/#p1
Vital serpent113,CWM_-_CopyFinal_copy-109.,nothing,p,_idIndexMarker186,CWM_-_CopyFinal_copy-109/#p1
"Vital, subsistence465",CWM_-_CopyFinal_copy-390.,nothing,p,_idIndexMarker664,CWM_-_CopyFinal_copy-390/#p1
Vital world410,CWM_-_CopyFinal_copy-361.,nothing,p,_idIndexMarker628,CWM_-_CopyFinal_copy-361/#p1
Want only Divine228,CWM_-_CopyFinal_copy-200.,nothing,p,_idIndexMarker374,CWM_-_CopyFinal_copy-200/#p2
Waste of Money224,CWM_-_CopyFinal_copy-196.,nothing,h2,_idIndexMarker361,CWM_-_CopyFinal_copy-196/#p1
Way of Acting277,CWM_-_CopyFinal_copy-244.,nothing,h2,_idIndexMarker454,CWM_-_CopyFinal_copy-244/#p1
"Weakness34, 80, 124",CWM_-_CopyFinal_copy-45.,nothing,p,_idIndexMarker034,CWM_-_CopyFinal_copy-45/#p1
"Weakness34, 80, 124",CWM_-_CopyFinal_copy-78.,nothing,h2,_idIndexMarker130,CWM_-_CopyFinal_copy-78/#p1
"Weakness34, 80, 124",CWM_-_CopyFinal_copy-122.,nothing,h2,_idIndexMarker212,CWM_-_CopyFinal_copy-122/#p1
"Will365, 377",CWM_-_CopyFinal_copy-320.,nothing,p,_idIndexMarker577,CWM_-_CopyFinal_copy-320/#p4
"Will365, 377",CWM_-_CopyFinal_copy-330.,nothing,p,_idIndexMarker597,CWM_-_CopyFinal_copy-330/#p7
Willed conception of child127,CWM_-_CopyFinal_copy-123.,nothing,p,_idIndexMarker216,CWM_-_CopyFinal_copy-123/#p3
Will in atom433,CWM_-_CopyFinal_copy-377.,nothing,p,_idIndexMarker640,CWM_-_CopyFinal_copy-377/#p7
"Wisdom358, 360",CWM_-_CopyFinal_copy-312.,nothing,p,_idIndexMarker561,CWM_-_CopyFinal_copy-312/#p1
"Wisdom358, 360",CWM_-_CopyFinal_copy-315.,nothing,p,_idIndexMarker566,CWM_-_CopyFinal_copy-315/#p1
"Work506, 527",CWM_-_CopyFinal_copy-474.,nothing,p,_idIndexMarker711,CWM_-_CopyFinal_copy-474/#p1
"Work506, 527",CWM_-_CopyFinal_copy-543.,nothing,h2,_idIndexMarker746,CWM_-_CopyFinal_copy-543/#p1
"Work, Usefulness of156",CWM_-_CopyFinal_copy-146.,nothing,h2,_idIndexMarker274,CWM_-_CopyFinal_copy-146/#p1
"World, Essentially Opposite102",CWM_-_CopyFinal_copy-98.,nothing,h2,_idIndexMarker165,CWM_-_CopyFinal_copy-98/#p1
World of falsehood81,CWM_-_CopyFinal_copy-79.,nothing,p,_idIndexMarker132,CWM_-_CopyFinal_copy-79/#p3
World War274,CWM_-_CopyFinal_copy-241.,nothing,p,_idIndexMarker450,CWM_-_CopyFinal_copy-241/#p3
Worship294,CWM_-_CopyFinal_copy-266.,nothing,h2,_idIndexMarker480,CWM_-_CopyFinal_copy-266/#p1
"Yoga32, 36, 62, 131",CWM_-_CopyFinal_copy-41.,nothing,h2,_idIndexMarker028,CWM_-_CopyFinal_copy-41/#p1
"Yoga32, 36, 62, 131",CWM_-_CopyFinal_copy-47.,nothing,p,_idIndexMarker040,CWM_-_CopyFinal_copy-47/#p1
"Yoga32, 36, 62, 131",CWM_-_CopyFinal_copy-66.,nothing,p,_idIndexMarker091,CWM_-_CopyFinal_copy-66/#p1
"Yoga32, 36, 62, 131",CWM_-_CopyFinal_copy-126.,nothing,h2,_idIndexMarker223,CWM_-_CopyFinal_copy-126/#p1
Yoga and Art57,CWM_-_CopyFinal_copy-60.,nothing,h2,_idIndexMarker075,CWM_-_CopyFinal_copy-60/#p1
"Yoga, coming to56",CWM_-_CopyFinal_copy-58.,nothing,p,_idIndexMarker071,CWM_-_CopyFinal_copy-58/#p1
Yoga in the Vital239,CWM_-_CopyFinal_copy-212.,nothing,h2,_idIndexMarker396,CWM_-_CopyFinal_copy-212/#p1
"Yogi, Knowledge of75",CWM_-_CopyFinal_copy-74.,nothing,h2,_idIndexMarker115,CWM_-_CopyFinal_copy-74/#p1